source_url,target_url,anchor_text,context,source_priority,target_priority
https://atelierdeconsultanta.ro/gdpr,https://atelierdeconsultanta.ro/,atelierdeconsultanta.ro,6. Contact și actualizări,no,no
https://atelierdeconsultanta.ro/gdpr,https://atelierdeconsultanta.ro/,atelierdeconsultanta.ro/#contact,3. Cum îți exerciți drepturile,no,no
https://atelierdeconsultanta.ro/politica-de-confidentialitate,https://atelierdeconsultanta.ro/,atelierdeconsultanta.ro,1. Cine este operatorul de date,no,no
https://atelierdeconsultanta.ro/politica-de-confidentialitate,https://atelierdeconsultanta.ro/,Formular de contact,11. Contact și dreptul de a depune plângere,no,no
https://atelierdeconsultanta.ro/termeni-si-conditii,https://atelierdeconsultanta.ro/,Accesează formularul,12. Contact,no,no
https://atelierdeconsultanta.ro/termeni-si-conditii,https://atelierdeconsultanta.ro/,atelierdeconsultanta.ro,1. Definiții și interpretare,no,no
https://atelierdeconsultanta.ro/termeni-si-conditii,https://atelierdeconsultanta.ro/,atelierdeconsultanta.ro,12. Contact,no,no
https://atelierdeconsultanta.ro/contact,https://atelierdeconsultanta.ro/acte-necesare-fonduri-europene-nerambursabile,Acte necesare,Conținut principal,no,no
https://atelierdeconsultanta.ro/despre-faber,https://atelierdeconsultanta.ro/acte-necesare-fonduri-europene-nerambursabile,Acte necesare,"E-E-A-T: experienta, metoda și limite",no,no
https://atelierdeconsultanta.ro/greseli-fonduri-europene,https://atelierdeconsultanta.ro/acte-necesare-fonduri-europene-nerambursabile,Acte Necesare Fonduri Europene Nerambursabile,Conținut principal,no,no
https://atelierdeconsultanta.ro/instrumente,https://atelierdeconsultanta.ro/acte-necesare-fonduri-europene-nerambursabile,Acte Necesare Fonduri Europene Nerambursabile,Conținut principal,no,no
https://atelierdeconsultanta.ro/resurse,https://atelierdeconsultanta.ro/acte-necesare-fonduri-europene-nerambursabile,Acte Necesare Fonduri Europene Nerambursabile,Conținut principal,no,no
https://atelierdeconsultanta.ro/,https://atelierdeconsultanta.ro/afir,AFIR,Programe și surse de finanțare,no,no
https://atelierdeconsultanta.ro/,https://atelierdeconsultanta.ro/afir,"AFIRHub pentru DR 12, DR 14, calculator SO, consultanță AFIR și proiecte agricole.",Resurse utile,no,no
https://atelierdeconsultanta.ro/afir-autoconsum-agroalimentar,https://atelierdeconsultanta.ro/afir,AFIR,Conținut principal,yes,no
https://atelierdeconsultanta.ro/dr12-afir,https://atelierdeconsultanta.ro/afir,AFIR,Conținut principal,yes,no
https://atelierdeconsultanta.ro/dr14,https://atelierdeconsultanta.ro/afir,AFIR,Conținut principal,yes,no
https://atelierdeconsultanta.ro/fonduri-europene,https://atelierdeconsultanta.ro/afir,AFIR,Conținut principal,no,no
https://atelierdeconsultanta.ro/fonduri-europene,https://atelierdeconsultanta.ro/afir,hubul AFIR,Fonduri pentru ferme și activități agricole,no,no
https://atelierdeconsultanta.ro/fonduri-europene-nord-est,https://atelierdeconsultanta.ro/afir,AFIR,Raspuns scurt,no,no
https://atelierdeconsultanta.ro/fonduri-pentru-ferme,https://atelierdeconsultanta.ro/afir,AFIR,Conținut principal,no,no
https://atelierdeconsultanta.ro/fonduri-pentru-utilaje-agricole,https://atelierdeconsultanta.ro/afir,AFIR,Conținut principal,no,no
https://atelierdeconsultanta.ro/gal-afir,https://atelierdeconsultanta.ro/afir,AFIR,Conținut principal,no,no
https://atelierdeconsultanta.ro/ghiduri,https://atelierdeconsultanta.ro/afir,AFIR,Pe scurt,no,no
https://atelierdeconsultanta.ro/ghiduri,https://atelierdeconsultanta.ro/afir,hub AFIR,Pe scurt,no,no
https://atelierdeconsultanta.ro/ghiduri,https://atelierdeconsultanta.ro/afir,Hub AFIR,Conținut principal,no,no
https://atelierdeconsultanta.ro/,https://atelierdeconsultanta.ro/afir-autoconsum-agroalimentar,AFIR Autoconsum AgroalimentarFotovoltaice agroalimentar,Consultanță și proiectare pentru proiecte cu fonduri europene,no,yes
https://atelierdeconsultanta.ro/,https://atelierdeconsultanta.ro/afir-autoconsum-agroalimentar,Detalii program,AFIR Autoconsum Agroalimentar,no,yes
https://atelierdeconsultanta.ro/,https://atelierdeconsultanta.ro/afir-autoconsum-agroalimentar,Vezi pagina programului →,AFIR Autoconsum Agroalimentar,no,yes
https://atelierdeconsultanta.ro/afir,https://atelierdeconsultanta.ro/afir-autoconsum-agroalimentar,AFIR autoconsum,Solicitant,no,yes
https://atelierdeconsultanta.ro/afir,https://atelierdeconsultanta.ro/afir-autoconsum-agroalimentar,Afir Autoconsum Agroalimentar,Conținut principal,no,yes
https://atelierdeconsultanta.ro/afir,https://atelierdeconsultanta.ro/afir-autoconsum-agroalimentar,AFIR autoconsum agroalimentar,Solicitant,no,yes
https://atelierdeconsultanta.ro/autoconsum-public-fotovoltaice-institutii-publice,https://atelierdeconsultanta.ro/afir-autoconsum-agroalimentar,Afir Autoconsum Agroalimentar,Conținut principal,no,yes
https://atelierdeconsultanta.ro/autoconsum-public-fotovoltaice-institutii-publice,https://atelierdeconsultanta.ro/afir-autoconsum-agroalimentar,AFIR autoconsum agroalimentar,Conținut principal,no,yes
https://atelierdeconsultanta.ro/finantari-panouri-fotovoltaice,https://atelierdeconsultanta.ro/afir-autoconsum-agroalimentar,Afir Autoconsum Agroalimentar,Conținut principal,no,yes
https://atelierdeconsultanta.ro/fondul-de-modernizare,https://atelierdeconsultanta.ro/afir-autoconsum-agroalimentar,Afir Autoconsum Agroalimentar,Conținut principal,no,yes
https://atelierdeconsultanta.ro/fondul-de-modernizare-finantari-energie-fotovoltaice-autoconsum,https://atelierdeconsultanta.ro/afir-autoconsum-agroalimentar,AFIR autoconsum,Conținut principal,no,yes
https://atelierdeconsultanta.ro/fondul-de-modernizare-finantari-energie-fotovoltaice-autoconsum,https://atelierdeconsultanta.ro/afir-autoconsum-agroalimentar,Afir Autoconsum Agroalimentar,Conținut principal,no,yes
https://atelierdeconsultanta.ro/fonduri-europene,https://atelierdeconsultanta.ro/afir-autoconsum-agroalimentar,autoconsumul agroalimentar,Fonduri pentru energie,no,yes
https://atelierdeconsultanta.ro/fonduri-europene-agricultura,https://atelierdeconsultanta.ro/afir-autoconsum-agroalimentar,Afir Autoconsum Agroalimentar,Conținut principal,no,yes
https://atelierdeconsultanta.ro/fonduri-pentru-ferme,https://atelierdeconsultanta.ro/afir-autoconsum-agroalimentar,Afir Autoconsum Agroalimentar,Conținut principal,no,yes
https://atelierdeconsultanta.ro/ghiduri,https://atelierdeconsultanta.ro/afir-autoconsum-agroalimentar,autoconsum agroalimentar,Pe scurt,no,yes
https://atelierdeconsultanta.ro/,https://atelierdeconsultanta.ro/apeluri-gal,Detalii GAL,Apeluri GAL / LEADER,no,no
https://atelierdeconsultanta.ro/afir,https://atelierdeconsultanta.ro/apeluri-gal,Apeluri Gal,Conținut principal,no,no
https://atelierdeconsultanta.ro/consultanta-afir,https://atelierdeconsultanta.ro/apeluri-gal,Apeluri Gal,Conținut principal,no,no
https://atelierdeconsultanta.ro/fonduri-europene,https://atelierdeconsultanta.ro/apeluri-gal,Apeluri Gal,Conținut principal,no,no
https://atelierdeconsultanta.ro/fonduri-europene,https://atelierdeconsultanta.ro/apeluri-gal,ghidul apelurilor GAL,Proiecte prin GAL,no,no
https://atelierdeconsultanta.ro/gal-afir,https://atelierdeconsultanta.ro/apeluri-gal,Apeluri Gal,Conținut principal,no,no
https://atelierdeconsultanta.ro/gal-afir,https://atelierdeconsultanta.ro/apeluri-gal,Apeluri GAL active și orientare operațională,Conținut principal,no,no
https://atelierdeconsultanta.ro/,https://atelierdeconsultanta.ro/autoconsum-public-fotovoltaice-institutii-publice,Detalii program,Autoconsum Instituții Publice,no,no
https://atelierdeconsultanta.ro/finantari-panouri-fotovoltaice,https://atelierdeconsultanta.ro/autoconsum-public-fotovoltaice-institutii-publice,Autoconsum Public Fotovoltaice Institutii Publice,Conținut principal,no,no
https://atelierdeconsultanta.ro/fonduri-europene,https://atelierdeconsultanta.ro/autoconsum-public-fotovoltaice-institutii-publice,autoconsumul pentru instituții publice,Fonduri pentru autorități publice,no,no
https://atelierdeconsultanta.ro/,https://atelierdeconsultanta.ro/blog,"BlogArticole și ghiduri despre programe, documente, greșeli frecvente și pași de pregătire.",Resurse utile,no,no
https://atelierdeconsultanta.ro/afir,https://atelierdeconsultanta.ro/calculator-soc,Calculator SO AFIR,Solicitant,no,no
https://atelierdeconsultanta.ro/afir,https://atelierdeconsultanta.ro/calculator-soc,Calculator SO AFIR,Conținut principal,no,no
https://atelierdeconsultanta.ro/afir,https://atelierdeconsultanta.ro/calculator-soc,Calculator SO AFIR,Conținut principal,no,no
https://atelierdeconsultanta.ro/afir,https://atelierdeconsultanta.ro/calculator-soc,Calculator SO/SOC,Solicitant,no,no
https://atelierdeconsultanta.ro/afir-autoconsum-agroalimentar,https://atelierdeconsultanta.ro/calculator-soc,Calculator SO AFIR,Conținut principal,yes,no
https://atelierdeconsultanta.ro/consultanta-afir,https://atelierdeconsultanta.ro/calculator-soc,Calculator SO AFIR,Conținut principal,no,no
https://atelierdeconsultanta.ro/dr-12-afir-instalarea-tinerilor-fermieri,https://atelierdeconsultanta.ro/calculator-soc,calculatorul SO,Cui i se adresează DR 12,no,no
https://atelierdeconsultanta.ro/dr-14-afir-conditii-eligibilitate-greseli-frecvente,https://atelierdeconsultanta.ro/calculator-soc,calculatorul SO,Ce urmărește DR 14,no,no
https://atelierdeconsultanta.ro/dr12-afir,https://atelierdeconsultanta.ro/calculator-soc,Calculator SO AFIR,Conținut principal,yes,no
https://atelierdeconsultanta.ro/dr14,https://atelierdeconsultanta.ro/calculator-soc,Calculator SO AFIR,Conținut principal,yes,no
https://atelierdeconsultanta.ro/dr14,https://atelierdeconsultanta.ro/calculator-soc,Calculează SO pentru ferma ta,Calculator SO,yes,no
https://atelierdeconsultanta.ro/fonduri-europene-agricultura,https://atelierdeconsultanta.ro/calculator-soc,Calculator SO AFIR,Conținut principal,no,no
https://atelierdeconsultanta.ro/fonduri-pentru-ferme,https://atelierdeconsultanta.ro/calculator-soc,Calculator SO AFIR,Conținut principal,no,no
https://atelierdeconsultanta.ro/fonduri-pentru-utilaje-agricole,https://atelierdeconsultanta.ro/calculator-soc,Calculator SO AFIR,Conținut principal,no,no
https://atelierdeconsultanta.ro/gal-afir,https://atelierdeconsultanta.ro/calculator-soc,Calculator SO AFIR,Conținut principal,no,no
https://atelierdeconsultanta.ro/ghiduri,https://atelierdeconsultanta.ro/calculator-soc,calculator SO/SOC,Pe scurt,no,no
https://atelierdeconsultanta.ro/instrumente,https://atelierdeconsultanta.ro/calculator-soc,Calculator SO AFIR,Conținut principal,no,no
https://atelierdeconsultanta.ro/intrebari/ce-documente-sunt-necesare-pentru-dr12,https://atelierdeconsultanta.ro/calculator-soc,Calculator SO AFIR,Conținut principal,no,no
https://atelierdeconsultanta.ro/resurse-utile,https://atelierdeconsultanta.ro/calculator-soc,Calculator SO/SOC,Conținut principal,no,no
https://atelierdeconsultanta.ro/studii-de-caz-fonduri-europene,https://atelierdeconsultanta.ro/calculator-soc,Calculator SO/SOC,Modelul folosit pentru fiecare studiu de caz,no,no
https://atelierdeconsultanta.ro/blog,https://atelierdeconsultanta.ro/calendar-fonduri-europene,Calendar fonduri europeneUrmărește programele și pregătește documentele înainte de apel.,Vezi și,no,no
https://atelierdeconsultanta.ro/dr-12-afir-instalarea-tinerilor-fermieri,https://atelierdeconsultanta.ro/calendar-fonduri-europene,Calendar fonduri europeneUrmărește programele și pregătește documentele înainte de apel.,Vezi și,no,no
https://atelierdeconsultanta.ro/dr-14-afir-conditii-eligibilitate-greseli-frecvente,https://atelierdeconsultanta.ro/calendar-fonduri-europene,Calendar fonduri europeneUrmărește programele și pregătește documentele înainte de apel.,Vezi și,no,no
https://atelierdeconsultanta.ro/femeia-antreprenor-2026-conditii-idei-afaceri,https://atelierdeconsultanta.ro/calendar-fonduri-europene,Calendar fonduri europeneUrmărește programele și pregătește documentele înainte de apel.,Vezi și,no,no
https://atelierdeconsultanta.ro/fonduri-regionale,https://atelierdeconsultanta.ro/calendar-fonduri-europene,Calendar fonduri europene,Conținut principal,no,no
https://atelierdeconsultanta.ro/idei-afaceri-fonduri-europene,https://atelierdeconsultanta.ro/calendar-fonduri-europene,Calendar fonduri europeneUrmărește programele și pregătește documentele înainte de apel.,Vezi și,no,no
https://atelierdeconsultanta.ro/instrumente,https://atelierdeconsultanta.ro/calendar-fonduri-europene,Calendar Fonduri Europene,Conținut principal,no,no
https://atelierdeconsultanta.ro/pnrr-digitalizare-imm-cheltuieli-eligibile,https://atelierdeconsultanta.ro/calendar-fonduri-europene,Calendar fonduri europeneUrmărește programele și pregătește documentele înainte de apel.,Vezi și,no,no
https://atelierdeconsultanta.ro/resurse,https://atelierdeconsultanta.ro/calendar-fonduri-europene,Calendar Fonduri Europene,Conținut principal,no,no
https://atelierdeconsultanta.ro/surse-oficiale-fonduri-europene,https://atelierdeconsultanta.ro/calendar-fonduri-europene,Calendar fonduri europene,Conținut principal,no,no
https://atelierdeconsultanta.ro/surse-oficiale-fonduri-europene,https://atelierdeconsultanta.ro/calendar-fonduri-europene,urmărire calendar,Tabel surse oficiale,no,no
https://atelierdeconsultanta.ro/consultanta-fonduri-europene,https://atelierdeconsultanta.ro/cat-costa-consultanta-fonduri-europene,Cât Costa Consultanță Fonduri Europene,Conținut principal,no,no
https://atelierdeconsultanta.ro/cum-alegi-consultant-fonduri-europene,https://atelierdeconsultanta.ro/cat-costa-consultanta-fonduri-europene,Cât Costa Consultanță Fonduri Europene,Conținut principal,no,no
https://atelierdeconsultanta.ro/firma-consultanta-fonduri-europene,https://atelierdeconsultanta.ro/cat-costa-consultanta-fonduri-europene,Cât Costa Consultanță Fonduri Europene,Conținut principal,no,no
https://atelierdeconsultanta.ro/cat-costa-consultanta-fonduri-europene,https://atelierdeconsultanta.ro/cat-costa-consultanta-fonduri-europene-ghid,Cât Costa Consultanță Fonduri Europene Ghid,Conținut principal,no,no
https://atelierdeconsultanta.ro/consultanta-pnrr-digitalizare,https://atelierdeconsultanta.ro/cheltuieli-eligibile-digitalizare-imm,Cheltuieli eligibile,Conținut principal,no,no
https://atelierdeconsultanta.ro/consultanta-pnrr-digitalizare,https://atelierdeconsultanta.ro/cheltuieli-eligibile-digitalizare-imm,Cheltuieli Eligibile Digitalizare Imm,Conținut principal,no,no
https://atelierdeconsultanta.ro/digitalizare-imm,https://atelierdeconsultanta.ro/cheltuieli-eligibile-digitalizare-imm,Ce poți cumpara prin Digitalizare IMM,Conținut principal,no,no
https://atelierdeconsultanta.ro/digitalizare-imm,https://atelierdeconsultanta.ro/cheltuieli-eligibile-digitalizare-imm,Cheltuieli eligibile,Conținut principal,no,no
https://atelierdeconsultanta.ro/digitalizare-imm,https://atelierdeconsultanta.ro/cheltuieli-eligibile-digitalizare-imm,Cheltuieli Eligibile Digitalizare Imm,Conținut principal,no,no
https://atelierdeconsultanta.ro/digitalizare-imm-pnrr,https://atelierdeconsultanta.ro/cheltuieli-eligibile-digitalizare-imm,Cheltuieli eligibile,Conținut principal,no,no
https://atelierdeconsultanta.ro/digitalizare-imm-pnrr,https://atelierdeconsultanta.ro/cheltuieli-eligibile-digitalizare-imm,Cheltuieli Eligibile Digitalizare Imm,Conținut principal,no,no
https://atelierdeconsultanta.ro/documente-punctaj-pocidif-21,https://atelierdeconsultanta.ro/cheltuieli-eligibile-pocidif-21,Cheltuieli eligibile PoCIDIF 2.1,Conținut principal,no,no
https://atelierdeconsultanta.ro/eligibilitate-pocidif-21,https://atelierdeconsultanta.ro/cheltuieli-eligibile-pocidif-21,Cheltuieli eligibile PoCIDIF 2.1,Conținut principal,no,no
https://atelierdeconsultanta.ro/pocidif-21,https://atelierdeconsultanta.ro/cheltuieli-eligibile-pocidif-21,Cheltuieli eligibile PoCIDIF 2.1,Conținut principal,yes,no
https://atelierdeconsultanta.ro/consultanta-start-up-nation-2026,https://atelierdeconsultanta.ro/cod-caen-start-up-nation-2026,Cod CAEN,Conținut principal,no,no
https://atelierdeconsultanta.ro/consultanta-start-up-nation-2026,https://atelierdeconsultanta.ro/cod-caen-start-up-nation-2026,Cod Caen Start Up Nation 2026,Conținut principal,no,no
https://atelierdeconsultanta.ro/ghiduri,https://atelierdeconsultanta.ro/cod-caen-start-up-nation-2026,cod CAEN,Pe scurt,no,no
https://atelierdeconsultanta.ro/start-up-nation-2026,https://atelierdeconsultanta.ro/cod-caen-start-up-nation-2026,Cod CAEN,Conținut principal,no,no
https://atelierdeconsultanta.ro/start-up-nation-2026,https://atelierdeconsultanta.ro/cod-caen-start-up-nation-2026,Cod Caen Start Up Nation 2026,Conținut principal,no,no
https://atelierdeconsultanta.ro/start-up-nation-2026-cheltuieli-eligibile,https://atelierdeconsultanta.ro/cod-caen-start-up-nation-2026,Cod Caen Start Up Nation 2026,Conținut principal,no,no
https://atelierdeconsultanta.ro/start-up-nation-2026-cheltuieli-eligibile,https://atelierdeconsultanta.ro/cod-caen-start-up-nation-2026,Urmatorul pas: cod CAEN,Conținut principal,no,no
https://atelierdeconsultanta.ro/start-up-nation-2026-conditii,https://atelierdeconsultanta.ro/cod-caen-start-up-nation-2026,Cod Caen Start Up Nation 2026,Conținut principal,no,no
https://atelierdeconsultanta.ro/start-up-nation-2026-idei-afaceri,https://atelierdeconsultanta.ro/cod-caen-start-up-nation-2026,Cod Caen Start Up Nation 2026,Conținut principal,no,no
https://atelierdeconsultanta.ro/start-up-nation-2026-plan-de-afaceri,https://atelierdeconsultanta.ro/cod-caen-start-up-nation-2026,Cod Caen Start Up Nation 2026,Conținut principal,no,no
https://atelierdeconsultanta.ro/acte-necesare-fonduri-europene-nerambursabile,https://atelierdeconsultanta.ro/consultanta-afir,Consultanță AFIR,Conținut principal,no,no
https://atelierdeconsultanta.ro/afir,https://atelierdeconsultanta.ro/consultanta-afir,consultanță AFIR,Solicitant,no,no
https://atelierdeconsultanta.ro/afir,https://atelierdeconsultanta.ro/consultanta-afir,Consultanță AFIR,Solicitant,no,no
https://atelierdeconsultanta.ro/afir,https://atelierdeconsultanta.ro/consultanta-afir,Consultanță AFIR,Solicitant,no,no
https://atelierdeconsultanta.ro/afir,https://atelierdeconsultanta.ro/consultanta-afir,Consultanță AFIR,Conținut principal,no,no
https://atelierdeconsultanta.ro/afir,https://atelierdeconsultanta.ro/consultanta-afir,Consultanță AFIR pentru alegerea programului,Conținut principal,no,no
https://atelierdeconsultanta.ro/afir,https://atelierdeconsultanta.ro/consultanta-afir,Vezi consultanță AFIR,Urmatorul pas,no,no
https://atelierdeconsultanta.ro/afir-autoconsum-agroalimentar,https://atelierdeconsultanta.ro/consultanta-afir,Consultanță AFIR,Conținut principal,yes,no
https://atelierdeconsultanta.ro/apeluri-gal,https://atelierdeconsultanta.ro/consultanta-afir,Consultanță AFIR,Conținut principal,no,no
https://atelierdeconsultanta.ro/consultanta-fonduri-europene,https://atelierdeconsultanta.ro/consultanta-afir,Consultanță AFIR,Conținut principal,no,no
https://atelierdeconsultanta.ro/consultanta-fonduri-europene,https://atelierdeconsultanta.ro/consultanta-afir,Consultanță AFIR,Conținut principal,no,no
https://atelierdeconsultanta.ro/dr-14-afir-conditii-eligibilitate-greseli-frecvente,https://atelierdeconsultanta.ro/consultanta-afir,"Consultanță AFIRVerificare program, documente, buget și riscuri înainte de depunere.",Vezi și,no,no
https://atelierdeconsultanta.ro/dr12-afir,https://atelierdeconsultanta.ro/consultanta-afir,Consultanță AFIR,Conținut principal,yes,no
https://atelierdeconsultanta.ro/dr14,https://atelierdeconsultanta.ro/consultanta-afir,Consultanță AFIR,Conținut principal,yes,no
https://atelierdeconsultanta.ro/fonduri-europene-agricultura,https://atelierdeconsultanta.ro/consultanta-afir,Consultanță AFIR,Conținut principal,no,no
https://atelierdeconsultanta.ro/fonduri-pentru-ferme,https://atelierdeconsultanta.ro/consultanta-afir,Consultanță AFIR,Conținut principal,no,no
https://atelierdeconsultanta.ro/fonduri-pentru-utilaje-agricole,https://atelierdeconsultanta.ro/consultanta-afir,Consultanță AFIR,Conținut principal,no,no
https://atelierdeconsultanta.ro/gal-afir,https://atelierdeconsultanta.ro/consultanta-afir,Consultanță AFIR,Conținut principal,no,no
https://atelierdeconsultanta.ro/gal-afir,https://atelierdeconsultanta.ro/consultanta-afir,Consultanță AFIR și implementare,Conținut principal,no,no
https://atelierdeconsultanta.ro/intrebari/ce-documente-sunt-necesare-pentru-dr12,https://atelierdeconsultanta.ro/consultanta-afir,Consultanță AFIR,Conținut principal,no,no
https://atelierdeconsultanta.ro/,https://atelierdeconsultanta.ro/consultanta-fonduri-europene,Consultanță fonduri europene,Servicii pentru pregătirea proiectului,no,no
https://atelierdeconsultanta.ro/,https://atelierdeconsultanta.ro/consultanta-fonduri-europene,"Consultanță fonduri europeneServiciul principal pentru verificare, alegerea programului, dosar, depunere și implementare.",Resurse utile,no,no
https://atelierdeconsultanta.ro/acte-necesare-fonduri-europene-nerambursabile,https://atelierdeconsultanta.ro/consultanta-fonduri-europene,Vezi serviciile,Verificare discreta pe cazul tau,no,no
https://atelierdeconsultanta.ro/afir,https://atelierdeconsultanta.ro/consultanta-fonduri-europene,Consultanță fonduri europene,Conținut principal,no,no
https://atelierdeconsultanta.ro/afir-autoconsum-agroalimentar,https://atelierdeconsultanta.ro/consultanta-fonduri-europene,Vezi serviciile,Solicită verificare eligibilitate pentru AFIR Autoconsum Agroalimentar,yes,no
https://atelierdeconsultanta.ro/apeluri-gal,https://atelierdeconsultanta.ro/consultanta-fonduri-europene,Vezi serviciile,Urmatorul pas,no,no
https://atelierdeconsultanta.ro/autoconsum-public-fotovoltaice-institutii-publice,https://atelierdeconsultanta.ro/consultanta-fonduri-europene,Consultanță fonduri europene,Conținut principal,no,no
https://atelierdeconsultanta.ro/autoconsum-public-fotovoltaice-institutii-publice,https://atelierdeconsultanta.ro/consultanta-fonduri-europene,Vezi serviciile,Urmatorul pas,no,no
https://atelierdeconsultanta.ro/blog,https://atelierdeconsultanta.ro/consultanta-fonduri-europene,"Consultanță fonduri europeneServicii de verificare, pregătire dosar și suport pentru proiecte.",Vezi și,no,no
https://atelierdeconsultanta.ro/blog,https://atelierdeconsultanta.ro/consultanta-fonduri-europene,Serviciul principal,De la explicație la verificarea proiectului,no,no
https://atelierdeconsultanta.ro/calendar-fonduri-europene,https://atelierdeconsultanta.ro/consultanta-fonduri-europene,Vezi serviciile,Verificare discreta pe cazul tau,no,no
https://atelierdeconsultanta.ro/cat-costa-consultanta-fonduri-europene,https://atelierdeconsultanta.ro/consultanta-fonduri-europene,Consultanță fonduri europene,Conținut principal,no,no
https://atelierdeconsultanta.ro/cat-costa-consultanta-fonduri-europene,https://atelierdeconsultanta.ro/consultanta-fonduri-europene,Vezi serviciile,Verificare discreta pe cazul tau,no,no
https://atelierdeconsultanta.ro/cheltuieli-eligibile-pocidif-21,https://atelierdeconsultanta.ro/consultanta-fonduri-europene,Vezi serviciile,Verifică bugetul PoCIDIF 2.1,no,no
https://atelierdeconsultanta.ro/cod-caen-start-up-nation-2026,https://atelierdeconsultanta.ro/consultanta-fonduri-europene,Consultanță fonduri europene pentru alegerea programului,Conținut principal,no,no
https://atelierdeconsultanta.ro/consultant-fonduri-europene-imm,https://atelierdeconsultanta.ro/consultanta-fonduri-europene,Consultanță fonduri europene,Conținut principal,no,no
https://atelierdeconsultanta.ro/consultant-fonduri-europene-imm,https://atelierdeconsultanta.ro/consultanta-fonduri-europene,Vezi serviciile,Urmatorul pas,no,no
https://atelierdeconsultanta.ro/consultanta-afir,https://atelierdeconsultanta.ro/consultanta-fonduri-europene,Consultanță fonduri europene,Conținut principal,no,no
https://atelierdeconsultanta.ro/consultanta-afir,https://atelierdeconsultanta.ro/consultanta-fonduri-europene,Vezi serviciile,Urmatorul pas,no,no
https://atelierdeconsultanta.ro/consultanta-fonduri-europene-bucuresti,https://atelierdeconsultanta.ro/consultanta-fonduri-europene,Consultanță fonduri europene,Conținut principal,no,no
https://atelierdeconsultanta.ro/consultanta-pnrr-digitalizare,https://atelierdeconsultanta.ro/consultanta-fonduri-europene,Consultanță fonduri europene,Conținut principal,no,no
https://atelierdeconsultanta.ro/consultanta-pnrr-digitalizare,https://atelierdeconsultanta.ro/consultanta-fonduri-europene,Vezi serviciile,Urmatorul pas,no,no
https://atelierdeconsultanta.ro/consultanta-start-up-nation-2026,https://atelierdeconsultanta.ro/consultanta-fonduri-europene,Consultanță fonduri europene,Conținut principal,no,no
https://atelierdeconsultanta.ro/contact,https://atelierdeconsultanta.ro/consultanta-fonduri-europene,consultanță fonduri europene,Când trimiți direct proiectul,no,no
https://atelierdeconsultanta.ro/contact,https://atelierdeconsultanta.ro/consultanta-fonduri-europene,Consultanță fonduri europene,Conținut principal,no,no
https://atelierdeconsultanta.ro/contact,https://atelierdeconsultanta.ro/consultanta-fonduri-europene,"Consultanță fonduri europeneServicii de verificare, pregătire dosar și suport pentru proiecte.",Vezi și,no,no
https://atelierdeconsultanta.ro/cum-alegi-consultant-fonduri-europene,https://atelierdeconsultanta.ro/consultanta-fonduri-europene,Consultanță fonduri europene,Conținut principal,no,no
https://atelierdeconsultanta.ro/cum-alegi-consultant-fonduri-europene,https://atelierdeconsultanta.ro/consultanta-fonduri-europene,Vezi serviciile,Verificare discreta pe cazul tau,no,no
https://atelierdeconsultanta.ro/despre-faber,https://atelierdeconsultanta.ro/consultanta-fonduri-europene,Consultanță fonduri europene,"E-E-A-T: experienta, metoda și limite",no,no
https://atelierdeconsultanta.ro/despre-faber,https://atelierdeconsultanta.ro/consultanta-fonduri-europene,"Consultanță fonduri europeneServiciul principal pentru analiza proiectelor, dosare și implementare.",Resurse pentru verificare,no,no
https://atelierdeconsultanta.ro/despre-faber,https://atelierdeconsultanta.ro/consultanta-fonduri-europene,consultanță pentru fonduri europene,"E-E-A-T: experienta, metoda și limite",no,no
https://atelierdeconsultanta.ro/digitalizare-imm,https://atelierdeconsultanta.ro/consultanta-fonduri-europene,Vezi serviciile,Urmatorul pas,no,no
https://atelierdeconsultanta.ro/digitalizare-imm-pnrr,https://atelierdeconsultanta.ro/consultanta-fonduri-europene,Vezi serviciile,Urmatorul pas,no,no
https://atelierdeconsultanta.ro/documente-punctaj-pocidif-21,https://atelierdeconsultanta.ro/consultanta-fonduri-europene,Vezi serviciile,Verifică dosarul și punctajul PoCIDIF 2.1,no,no
https://atelierdeconsultanta.ro/dr-12-afir-instalarea-tinerilor-fermieri,https://atelierdeconsultanta.ro/consultanta-fonduri-europene,consultanță fonduri europene,Cui i se adresează DR 12,no,no
https://atelierdeconsultanta.ro/dr-12-afir-instalarea-tinerilor-fermieri,https://atelierdeconsultanta.ro/consultanta-fonduri-europene,"Consultanță fonduri europeneServicii de verificare, pregătire dosar și suport pentru proiecte.",Vezi și,no,no
https://atelierdeconsultanta.ro/dr-14-afir-conditii-eligibilitate-greseli-frecvente,https://atelierdeconsultanta.ro/consultanta-fonduri-europene,consultant fonduri europene,Ce urmărește DR 14,no,no
https://atelierdeconsultanta.ro/dr-14-afir-conditii-eligibilitate-greseli-frecvente,https://atelierdeconsultanta.ro/consultanta-fonduri-europene,consultanță fonduri europene,Ce urmărește DR 14,no,no
https://atelierdeconsultanta.ro/dr-14-afir-conditii-eligibilitate-greseli-frecvente,https://atelierdeconsultanta.ro/consultanta-fonduri-europene,"Consultanță fonduri europeneServicii de verificare, pregătire dosar și suport pentru proiecte.",Vezi și,no,no
https://atelierdeconsultanta.ro/dr12-afir,https://atelierdeconsultanta.ro/consultanta-fonduri-europene,Vezi serviciile,Verifică eligibilitatea fermei tale cu un consultant FABER,yes,no
https://atelierdeconsultanta.ro/dr14,https://atelierdeconsultanta.ro/consultanta-fonduri-europene,Vezi serviciile,Urmatorul pas,yes,no
https://atelierdeconsultanta.ro/e-move,https://atelierdeconsultanta.ro/consultanta-fonduri-europene,Consultanță fonduri europene,Conținut principal,no,no
https://atelierdeconsultanta.ro/e-move,https://atelierdeconsultanta.ro/consultanta-fonduri-europene,Vezi serviciile,Urmatorul pas,no,no
https://atelierdeconsultanta.ro/eligibilitate-fonduri-europene,https://atelierdeconsultanta.ro/consultanta-fonduri-europene,Vezi serviciile,Urmatorul pas,no,no
https://atelierdeconsultanta.ro/eligibilitate-pocidif-21,https://atelierdeconsultanta.ro/consultanta-fonduri-europene,Vezi serviciile,Verifică eligibilitatea firmei pentru PoCIDIF 2.1,no,no
https://atelierdeconsultanta.ro/femeia-antreprenor-2026,https://atelierdeconsultanta.ro/consultanta-fonduri-europene,Consultanță fonduri europene,Conținut principal,no,no
https://atelierdeconsultanta.ro/femeia-antreprenor-2026,https://atelierdeconsultanta.ro/consultanta-fonduri-europene,Consultanță fonduri europene,Conținut principal,no,no
https://atelierdeconsultanta.ro/femeia-antreprenor-2026,https://atelierdeconsultanta.ro/consultanta-fonduri-europene,Vezi serviciile,Urmatorul pas,no,no
https://atelierdeconsultanta.ro/femeia-antreprenor-2026-conditii-idei-afaceri,https://atelierdeconsultanta.ro/consultanta-fonduri-europene,consultanță fonduri europene,Ce înseamnă o idee finanțabilă,no,no
https://atelierdeconsultanta.ro/femeia-antreprenor-2026-conditii-idei-afaceri,https://atelierdeconsultanta.ro/consultanta-fonduri-europene,"Consultanță fonduri europeneServicii de verificare, pregătire dosar și suport pentru proiecte.",Vezi și,no,no
https://atelierdeconsultanta.ro/finantari-panouri-fotovoltaice,https://atelierdeconsultanta.ro/consultanta-fonduri-europene,Consultanță fonduri europene,Conținut principal,no,no
https://atelierdeconsultanta.ro/finantari-panouri-fotovoltaice,https://atelierdeconsultanta.ro/consultanta-fonduri-europene,Vezi serviciile,Urmatorul pas,no,no
https://atelierdeconsultanta.ro/firma-consultanta-fonduri-europene,https://atelierdeconsultanta.ro/consultanta-fonduri-europene,Consultanță fonduri europene,Conținut principal,no,no
https://atelierdeconsultanta.ro/firma-consultanta-fonduri-europene,https://atelierdeconsultanta.ro/consultanta-fonduri-europene,Vezi serviciile,Urmatorul pas,no,no
https://atelierdeconsultanta.ro/fondul-de-modernizare,https://atelierdeconsultanta.ro/consultanta-fonduri-europene,Consultanță fonduri europene,Conținut principal,no,no
https://atelierdeconsultanta.ro/fondul-de-modernizare,https://atelierdeconsultanta.ro/consultanta-fonduri-europene,Consultanță fonduri europene,Conținut principal,no,no
https://atelierdeconsultanta.ro/fondul-de-modernizare,https://atelierdeconsultanta.ro/consultanta-fonduri-europene,Vezi serviciile,Urmatorul pas,no,no
https://atelierdeconsultanta.ro/fondul-de-modernizare-finantari-energie-fotovoltaice-autoconsum,https://atelierdeconsultanta.ro/consultanta-fonduri-europene,Consultanță fonduri europene,Conținut principal,no,no
https://atelierdeconsultanta.ro/fondul-de-modernizare-finantari-energie-fotovoltaice-autoconsum,https://atelierdeconsultanta.ro/consultanta-fonduri-europene,Consultanță fonduri europene,Conținut principal,no,no
https://atelierdeconsultanta.ro/fondul-de-modernizare-finantari-energie-fotovoltaice-autoconsum,https://atelierdeconsultanta.ro/consultanta-fonduri-europene,Vezi serviciile,Urmatorul pas,no,no
https://atelierdeconsultanta.ro/fondul-modernizare-energie-regenerabila-2026,https://atelierdeconsultanta.ro/consultanta-fonduri-europene,Consultanță fonduri europene,Conținut principal,no,no
https://atelierdeconsultanta.ro/fondul-modernizare-energie-regenerabila-2026,https://atelierdeconsultanta.ro/consultanta-fonduri-europene,Vezi serviciile,Programează o discuție despre Fondul pentru Modernizare,no,no
https://atelierdeconsultanta.ro/fonduri-europene,https://atelierdeconsultanta.ro/consultanta-fonduri-europene,Consultanță fonduri europene,Conținut principal,no,no
https://atelierdeconsultanta.ro/fonduri-europene,https://atelierdeconsultanta.ro/consultanta-fonduri-europene,consultanța pentru accesarea fondurilor,Consultanță și proiectare,no,no
https://atelierdeconsultanta.ro/fonduri-europene,https://atelierdeconsultanta.ro/consultanta-fonduri-europene,Vezi serviciile,Urmatorul pas,no,no
https://atelierdeconsultanta.ro/fonduri-europene-agricultura,https://atelierdeconsultanta.ro/consultanta-fonduri-europene,Vezi serviciile,Urmatorul pas,no,no
https://atelierdeconsultanta.ro/fonduri-europene-bucuresti,https://atelierdeconsultanta.ro/consultanta-fonduri-europene,Consultanță fonduri europene,Conținut principal,no,no
https://atelierdeconsultanta.ro/fonduri-europene-digitalizare,https://atelierdeconsultanta.ro/consultanta-fonduri-europene,Vezi serviciile,Urmatorul pas,no,no
https://atelierdeconsultanta.ro/fonduri-europene-femei-antreprenor,https://atelierdeconsultanta.ro/consultanta-fonduri-europene,Consultanță fonduri europene,Conținut principal,no,no
https://atelierdeconsultanta.ro/fonduri-europene-femei-antreprenor,https://atelierdeconsultanta.ro/consultanta-fonduri-europene,Consultanță fonduri europene,Conținut principal,no,no
https://atelierdeconsultanta.ro/fonduri-europene-femei-antreprenor,https://atelierdeconsultanta.ro/consultanta-fonduri-europene,Vezi serviciile,Urmatorul pas,no,no
https://atelierdeconsultanta.ro/fonduri-europene-imm,https://atelierdeconsultanta.ro/consultanta-fonduri-europene,Vezi serviciile,Urmatorul pas,no,no
https://atelierdeconsultanta.ro/fonduri-europene-nerambursabile-2026,https://atelierdeconsultanta.ro/consultanta-fonduri-europene,Consultanță fonduri europene,Conținut principal,no,no
https://atelierdeconsultanta.ro/fonduri-europene-nerambursabile-2026,https://atelierdeconsultanta.ro/consultanta-fonduri-europene,Vezi serviciile,Urmatorul pas,no,no
https://atelierdeconsultanta.ro/fonduri-europene-nord-est,https://atelierdeconsultanta.ro/consultanta-fonduri-europene,Consultanță fonduri europene,Conținut principal,no,no
https://atelierdeconsultanta.ro/fonduri-nerambursabile,https://atelierdeconsultanta.ro/consultanta-fonduri-europene,Vezi serviciile,Urmatorul pas,no,no
https://atelierdeconsultanta.ro/fonduri-pentru-ferme,https://atelierdeconsultanta.ro/consultanta-fonduri-europene,Vezi serviciile,Urmatorul pas,no,no
https://atelierdeconsultanta.ro/fonduri-pentru-utilaje-agricole,https://atelierdeconsultanta.ro/consultanta-fonduri-europene,Vezi serviciile,Urmatorul pas,no,no
https://atelierdeconsultanta.ro/fonduri-regionale,https://atelierdeconsultanta.ro/consultanta-fonduri-europene,consultanță fonduri europene,Când proiectul nu trebuie forțat într-un program regional,no,no
https://atelierdeconsultanta.ro/fonduri-regionale,https://atelierdeconsultanta.ro/consultanta-fonduri-europene,Consultanță fonduri europene,Conținut principal,no,no
https://atelierdeconsultanta.ro/fonduri-regionale,https://atelierdeconsultanta.ro/consultanta-fonduri-europene,Consultanță fonduri europene pentru IMM și investiții,Vest,no,no
https://atelierdeconsultanta.ro/fonduri-regionale,https://atelierdeconsultanta.ro/consultanta-fonduri-europene,Consultanță fonduri europene pentru proiecte regionale,Nord-Vest,no,no
https://atelierdeconsultanta.ro/fonduri-regionale,https://atelierdeconsultanta.ro/consultanta-fonduri-europene,Consultanță fonduri europene pentru proiecte regionale,Sud-Est,no,no
https://atelierdeconsultanta.ro/fonduri-regionale,https://atelierdeconsultanta.ro/consultanta-fonduri-europene,Consultanță pentru alegerea programului regional,Centru,no,no
https://atelierdeconsultanta.ro/fonduri-regionale,https://atelierdeconsultanta.ro/consultanta-fonduri-europene,Consultanță pentru verificarea eligibilității regionale,Sud-Muntenia,no,no
https://atelierdeconsultanta.ro/fonduri-regionale,https://atelierdeconsultanta.ro/consultanta-fonduri-europene,Vezi serviciile,Ai un proiect regional?,no,no
https://atelierdeconsultanta.ro/gal-afir,https://atelierdeconsultanta.ro/consultanta-fonduri-europene,Vezi serviciile,Urmatorul pas,no,no
https://atelierdeconsultanta.ro/ghiduri,https://atelierdeconsultanta.ro/consultanta-fonduri-europene,pagina de consultanță,Pe scurt,no,no
https://atelierdeconsultanta.ro/ghiduri,https://atelierdeconsultanta.ro/consultanta-fonduri-europene,Vezi serviciile,Verificare discreta pe cazul tau,no,no
https://atelierdeconsultanta.ro/glosar-fonduri-europene,https://atelierdeconsultanta.ro/consultanta-fonduri-europene,consultanță fonduri europene,Termeni explicati,no,no
https://atelierdeconsultanta.ro/glosar-fonduri-europene,https://atelierdeconsultanta.ro/consultanta-fonduri-europene,consultanță fonduri europene,Termeni explicati,no,no
https://atelierdeconsultanta.ro/granturi-digitalizare-imm,https://atelierdeconsultanta.ro/consultanta-fonduri-europene,Vezi serviciile,Urmatorul pas,no,no
https://atelierdeconsultanta.ro/greseli-fonduri-europene,https://atelierdeconsultanta.ro/consultanta-fonduri-europene,Consultanță fonduri europene,Conținut principal,no,no
https://atelierdeconsultanta.ro/greseli-fonduri-europene,https://atelierdeconsultanta.ro/consultanta-fonduri-europene,Vezi serviciile,Verificare discreta pe cazul tau,no,no
https://atelierdeconsultanta.ro/idei-afaceri-fonduri-europene,https://atelierdeconsultanta.ro/consultanta-fonduri-europene,Consultanță fonduri europene,Vrei să verificăm ideea ta de afacere?,no,no
https://atelierdeconsultanta.ro/idei-afaceri-fonduri-europene,https://atelierdeconsultanta.ro/consultanta-fonduri-europene,"Consultanță fonduri europeneServicii de verificare, pregătire dosar și suport pentru proiecte.",Vezi și,no,no
https://atelierdeconsultanta.ro/instrumente,https://atelierdeconsultanta.ro/consultanta-fonduri-europene,Vezi serviciile,Urmatorul pas,no,no
https://atelierdeconsultanta.ro/intrebari-frecvente,https://atelierdeconsultanta.ro/consultanta-fonduri-europene,Vezi serviciile,Verificare discreta pe cazul tau,no,no
https://atelierdeconsultanta.ro/investitii-modernizarea-microintreprinderilor-apel-2,https://atelierdeconsultanta.ro/consultanta-fonduri-europene,Consultanță fonduri europene,Conținut principal,no,no
https://atelierdeconsultanta.ro/investitii-modernizarea-microintreprinderilor-apel-2,https://atelierdeconsultanta.ro/consultanta-fonduri-europene,Vezi serviciile,Solicită verificare eligibilitate pentru Apel 2,no,no
https://atelierdeconsultanta.ro/management-proiecte-fonduri-europene,https://atelierdeconsultanta.ro/consultanta-fonduri-europene,consultanță fonduri europene,Conținut principal,no,no
https://atelierdeconsultanta.ro/metodologie-verificare-eligibilitate,https://atelierdeconsultanta.ro/consultanta-fonduri-europene,Consultanță fonduri europene,Raspuns scurt,no,no
https://atelierdeconsultanta.ro/metodologie-verificare-eligibilitate,https://atelierdeconsultanta.ro/consultanta-fonduri-europene,Consultanță fonduri europene,Conținut principal,no,no
https://atelierdeconsultanta.ro/metodologie-verificare-eligibilitate,https://atelierdeconsultanta.ro/consultanta-fonduri-europene,consultanța pentru fonduri europene,Raspuns scurt,no,no
https://atelierdeconsultanta.ro/plan-de-afaceri-fonduri-europene,https://atelierdeconsultanta.ro/consultanta-fonduri-europene,consultanță fonduri europene,Conținut principal,no,no
https://atelierdeconsultanta.ro/pnrr,https://atelierdeconsultanta.ro/consultanta-fonduri-europene,Vezi serviciile,Urmatorul pas,no,no
https://atelierdeconsultanta.ro/pnrr-digitalizare-imm-cheltuieli-eligibile,https://atelierdeconsultanta.ro/consultanta-fonduri-europene,consultanță fonduri europene,Digitalizarea începe cu procesele firmei,no,no
https://atelierdeconsultanta.ro/pnrr-digitalizare-imm-cheltuieli-eligibile,https://atelierdeconsultanta.ro/consultanta-fonduri-europene,"Consultanță fonduri europeneServicii de verificare, pregătire dosar și suport pentru proiecte.",Vezi și,no,no
https://atelierdeconsultanta.ro/pocidif-21,https://atelierdeconsultanta.ro/consultanta-fonduri-europene,Vezi serviciile,Solicită analiză eligibilitate pentru PoCIDIF 2.1,yes,no
https://atelierdeconsultanta.ro/por-adr-nord-est,https://atelierdeconsultanta.ro/consultanta-fonduri-europene,Consultanță fonduri europene,Conținut principal,yes,no
https://atelierdeconsultanta.ro/por-adr-nord-est,https://atelierdeconsultanta.ro/consultanta-fonduri-europene,Vezi serviciile,Trimite datele pentru verificarea eligibilității,yes,no
https://atelierdeconsultanta.ro/pro-infra,https://atelierdeconsultanta.ro/consultanta-fonduri-europene,Consultanță fonduri europene,Conținut principal,yes,no
https://atelierdeconsultanta.ro/pro-infra,https://atelierdeconsultanta.ro/consultanta-fonduri-europene,Vezi serviciile,Urmatorul pas,yes,no
https://atelierdeconsultanta.ro/programul-tranzitie-justa,https://atelierdeconsultanta.ro/consultanta-fonduri-europene,Consultanță fonduri europene,Conținut principal,no,no
https://atelierdeconsultanta.ro/programul-tranzitie-justa,https://atelierdeconsultanta.ro/consultanta-fonduri-europene,Vezi serviciile,Următorul pas,no,no
https://atelierdeconsultanta.ro/programul-tranzitie-justa-intrebari-documente,https://atelierdeconsultanta.ro/consultanta-fonduri-europene,consultanță fonduri europene,Întrebări,no,no
https://atelierdeconsultanta.ro/programul-tranzitie-justa-intrebari-documente,https://atelierdeconsultanta.ro/consultanta-fonduri-europene,Consultanță fonduri europene,Conținut principal,no,no
https://atelierdeconsultanta.ro/proiectare-fonduri-europene,https://atelierdeconsultanta.ro/consultanta-fonduri-europene,consultanță fonduri europene,Conținut principal,no,no
https://atelierdeconsultanta.ro/resurse,https://atelierdeconsultanta.ro/consultanta-fonduri-europene,Vezi serviciile,Verificare discreta pe cazul tau,no,no
https://atelierdeconsultanta.ro/resurse-utile,https://atelierdeconsultanta.ro/consultanta-fonduri-europene,Discută cu un consultant,Verifică proiectul pe documente,no,no
https://atelierdeconsultanta.ro/start-up-nation-2026,https://atelierdeconsultanta.ro/consultanta-fonduri-europene,Consultanță fonduri europene pentru alegerea programului,Conținut principal,no,no
https://atelierdeconsultanta.ro/start-up-nation-2026-cheltuieli-eligibile,https://atelierdeconsultanta.ro/consultanta-fonduri-europene,Consultanță fonduri europene pentru alegerea programului,Conținut principal,no,no
https://atelierdeconsultanta.ro/start-up-nation-2026-conditii,https://atelierdeconsultanta.ro/consultanta-fonduri-europene,Consultanță fonduri europene pentru alegerea programului,Conținut principal,no,no
https://atelierdeconsultanta.ro/start-up-nation-2026-idei-afaceri,https://atelierdeconsultanta.ro/consultanta-fonduri-europene,Consultanță fonduri europene pentru alegerea programului,Conținut principal,no,no
https://atelierdeconsultanta.ro/studii-de-caz-fonduri-europene,https://atelierdeconsultanta.ro/consultanta-fonduri-europene,consultanță fonduri europene,Modelul folosit pentru fiecare studiu de caz,no,no
https://atelierdeconsultanta.ro/studii-de-caz-fonduri-europene,https://atelierdeconsultanta.ro/consultanta-fonduri-europene,consultanță fonduri europene,Modelul folosit pentru fiecare studiu de caz,no,no
https://atelierdeconsultanta.ro/studii-de-caz-fonduri-europene,https://atelierdeconsultanta.ro/consultanta-fonduri-europene,"Consultanță fonduri europeneServicii de verificare, pregătire dosar și suport pentru proiecte.",Vezi și,no,no
https://atelierdeconsultanta.ro/studiu-fezabilitate-fonduri-europene,https://atelierdeconsultanta.ro/consultanta-fonduri-europene,consultanță fonduri europene,Conținut principal,no,no
https://atelierdeconsultanta.ro/surse-oficiale-fonduri-europene,https://atelierdeconsultanta.ro/consultanta-fonduri-europene,consultanță fonduri europene,Tabel surse oficiale,no,no
https://atelierdeconsultanta.ro/verificare-eligibilitate-fonduri-europene,https://atelierdeconsultanta.ro/consultanta-fonduri-europene,Consultanță fonduri europene,Conținut principal,no,no
https://atelierdeconsultanta.ro/verificare-eligibilitate-fonduri-europene,https://atelierdeconsultanta.ro/consultanta-fonduri-europene,Vezi serviciile,Urmatorul pas,no,no
https://atelierdeconsultanta.ro/webinarii,https://atelierdeconsultanta.ro/consultanta-fonduri-europene,Vezi serviciile,Urmatorul pas,no,no
https://atelierdeconsultanta.ro/,https://atelierdeconsultanta.ro/consultanta-fonduri-europene-bucuresti,Consultanță BucureștiVerificare eligibilitate și program potrivit pentru firme din București.,Resurse utile,no,no
https://atelierdeconsultanta.ro/fonduri-europene-bucuresti,https://atelierdeconsultanta.ro/consultanta-fonduri-europene-bucuresti,Consultanță Fonduri Europene București,Conținut principal,no,no
https://atelierdeconsultanta.ro/fonduri-regionale,https://atelierdeconsultanta.ro/consultanta-fonduri-europene-bucuresti,Consultanță fonduri europene București,București-Ilfov,no,no
https://atelierdeconsultanta.ro/blog,https://atelierdeconsultanta.ro/consultanta-pnrr-digitalizare,"Consultanță PNRR și digitalizareSprijin pentru proiecte PNRR, digitalizare IMM și bugete IT.",Vezi și,no,no
https://atelierdeconsultanta.ro/consultanta-fonduri-europene-bucuresti,https://atelierdeconsultanta.ro/consultanta-pnrr-digitalizare,Consultanță PNRR digitalizare,Conținut principal,no,no
https://atelierdeconsultanta.ro/digitalizare-imm,https://atelierdeconsultanta.ro/consultanta-pnrr-digitalizare,Consultanță PNRR digitalizare,Conținut principal,no,no
https://atelierdeconsultanta.ro/digitalizare-imm,https://atelierdeconsultanta.ro/consultanta-pnrr-digitalizare,Consultanță PNRR digitalizare,Conținut principal,no,no
https://atelierdeconsultanta.ro/digitalizare-imm-pnrr,https://atelierdeconsultanta.ro/consultanta-pnrr-digitalizare,Consultanță PNRR digitalizare,Conținut principal,no,no
https://atelierdeconsultanta.ro/digitalizare-imm-pnrr,https://atelierdeconsultanta.ro/consultanta-pnrr-digitalizare,Consultanță PNRR digitalizare,Conținut principal,no,no
https://atelierdeconsultanta.ro/dr-12-afir-instalarea-tinerilor-fermieri,https://atelierdeconsultanta.ro/consultanta-pnrr-digitalizare,"Consultanță PNRR și digitalizareSprijin pentru proiecte PNRR, digitalizare IMM și bugete IT.",Vezi și,no,no
https://atelierdeconsultanta.ro/fonduri-europene-bucuresti,https://atelierdeconsultanta.ro/consultanta-pnrr-digitalizare,Consultanță PNRR digitalizare,Conținut principal,no,no
https://atelierdeconsultanta.ro/fonduri-europene-digitalizare,https://atelierdeconsultanta.ro/consultanta-pnrr-digitalizare,Consultanță PNRR digitalizare,Conținut principal,no,no
https://atelierdeconsultanta.ro/granturi-digitalizare-imm,https://atelierdeconsultanta.ro/consultanta-pnrr-digitalizare,Consultanță PNRR digitalizare,Conținut principal,no,no
https://atelierdeconsultanta.ro/idei-afaceri-fonduri-europene,https://atelierdeconsultanta.ro/consultanta-pnrr-digitalizare,"Consultanță PNRR și digitalizareSprijin pentru proiecte PNRR, digitalizare IMM și bugete IT.",Vezi și,no,no
https://atelierdeconsultanta.ro/pnrr,https://atelierdeconsultanta.ro/consultanta-pnrr-digitalizare,Consultanță PNRR digitalizare,Conținut principal,no,no
https://atelierdeconsultanta.ro/pnrr,https://atelierdeconsultanta.ro/consultanta-pnrr-digitalizare,Consultanță PNRR digitalizare,Conținut principal,no,no
https://atelierdeconsultanta.ro/pnrr-digitalizare-imm-cheltuieli-eligibile,https://atelierdeconsultanta.ro/consultanta-pnrr-digitalizare,"Consultanță PNRR și digitalizareSprijin pentru proiecte PNRR, digitalizare IMM și bugete IT.",Vezi și,no,no
https://atelierdeconsultanta.ro/pocidif-21,https://atelierdeconsultanta.ro/consultanta-pnrr-digitalizare,Consultanță PNRR digitalizare,Conținut principal,yes,no
https://atelierdeconsultanta.ro/cod-caen-start-up-nation-2026,https://atelierdeconsultanta.ro/consultanta-start-up-nation-2026,Consultanță Start-Up Nation,Conținut principal,no,no
https://atelierdeconsultanta.ro/cod-caen-start-up-nation-2026,https://atelierdeconsultanta.ro/consultanta-start-up-nation-2026,Consultanță Start-Up Nation,Urmatorul pas,no,no
https://atelierdeconsultanta.ro/cod-caen-start-up-nation-2026,https://atelierdeconsultanta.ro/consultanta-start-up-nation-2026,Verificare cod CAEN Start-Up Nation,Conținut principal,no,no
https://atelierdeconsultanta.ro/consultanta-fonduri-europene-bucuresti,https://atelierdeconsultanta.ro/consultanta-start-up-nation-2026,Consultanță Start-Up Nation,Conținut principal,no,no
https://atelierdeconsultanta.ro/fonduri-europene-bucuresti,https://atelierdeconsultanta.ro/consultanta-start-up-nation-2026,Consultanță Start-Up Nation,Conținut principal,no,no
https://atelierdeconsultanta.ro/start-up-nation-2026,https://atelierdeconsultanta.ro/consultanta-start-up-nation-2026,Consultanță Start-Up Nation,Conținut principal,no,no
https://atelierdeconsultanta.ro/start-up-nation-2026,https://atelierdeconsultanta.ro/consultanta-start-up-nation-2026,Consultanță Start-Up Nation,Conținut principal,no,no
https://atelierdeconsultanta.ro/start-up-nation-2026,https://atelierdeconsultanta.ro/consultanta-start-up-nation-2026,Consultanță Start-Up Nation,Urmatorul pas,no,no
https://atelierdeconsultanta.ro/start-up-nation-2026-cheltuieli-eligibile,https://atelierdeconsultanta.ro/consultanta-start-up-nation-2026,Consultanță Start-Up Nation,Conținut principal,no,no
https://atelierdeconsultanta.ro/start-up-nation-2026-cheltuieli-eligibile,https://atelierdeconsultanta.ro/consultanta-start-up-nation-2026,Consultanță Start-Up Nation,Urmatorul pas,no,no
https://atelierdeconsultanta.ro/start-up-nation-2026-cheltuieli-eligibile,https://atelierdeconsultanta.ro/consultanta-start-up-nation-2026,Verificare buget Start-Up Nation,Conținut principal,no,no
https://atelierdeconsultanta.ro/start-up-nation-2026-conditii,https://atelierdeconsultanta.ro/consultanta-start-up-nation-2026,Consultanță Start-Up Nation,Conținut principal,no,no
https://atelierdeconsultanta.ro/start-up-nation-2026-conditii,https://atelierdeconsultanta.ro/consultanta-start-up-nation-2026,Consultanță Start-Up Nation,Urmatorul pas,no,no
https://atelierdeconsultanta.ro/start-up-nation-2026-conditii,https://atelierdeconsultanta.ro/consultanta-start-up-nation-2026,Verificare condiții Start-Up Nation,Conținut principal,no,no
https://atelierdeconsultanta.ro/start-up-nation-2026-idei-afaceri,https://atelierdeconsultanta.ro/consultanta-start-up-nation-2026,Consultanță Start-Up Nation,Conținut principal,no,no
https://atelierdeconsultanta.ro/start-up-nation-2026-idei-afaceri,https://atelierdeconsultanta.ro/consultanta-start-up-nation-2026,Consultanță Start-Up Nation,Urmatorul pas,no,no
https://atelierdeconsultanta.ro/start-up-nation-2026-idei-afaceri,https://atelierdeconsultanta.ro/consultanta-start-up-nation-2026,Discuta ideea pentru Start-Up Nation,Conținut principal,no,no
https://atelierdeconsultanta.ro/start-up-nation-2026-plan-de-afaceri,https://atelierdeconsultanta.ro/consultanta-start-up-nation-2026,Consultanță Start-Up Nation,Conținut principal,no,no
https://atelierdeconsultanta.ro/start-up-nation-2026-plan-de-afaceri,https://atelierdeconsultanta.ro/consultanta-start-up-nation-2026,Consultanță Start-Up Nation,Urmatorul pas,no,no
https://atelierdeconsultanta.ro/start-up-nation-2026-plan-de-afaceri,https://atelierdeconsultanta.ro/consultanta-start-up-nation-2026,Urmatorul pas: consultanță Start-Up Nation,Conținut principal,no,no
https://atelierdeconsultanta.ro/acte-necesare-fonduri-europene-nerambursabile,https://atelierdeconsultanta.ro/contact,Contact,Conținut principal,no,no
https://atelierdeconsultanta.ro/acte-necesare-fonduri-europene-nerambursabile,https://atelierdeconsultanta.ro/contact,Verifică situatia ta,Verificare discreta pe cazul tau,no,no
https://atelierdeconsultanta.ro/afir,https://atelierdeconsultanta.ro/contact,Trimite datele proiectului,Urmatorul pas,no,no
https://atelierdeconsultanta.ro/afir-autoconsum-agroalimentar,https://atelierdeconsultanta.ro/contact,Contact,Conținut principal,yes,no
https://atelierdeconsultanta.ro/afir-autoconsum-agroalimentar,https://atelierdeconsultanta.ro/contact,Solicită verificare eligibilitate,Solicită verificare eligibilitate pentru AFIR Autoconsum Agroalimentar,yes,no
https://atelierdeconsultanta.ro/apeluri-gal,https://atelierdeconsultanta.ro/contact,Contact,Conținut principal,no,no
https://atelierdeconsultanta.ro/apeluri-gal,https://atelierdeconsultanta.ro/contact,Trimite datele proiectului,Urmatorul pas,no,no
https://atelierdeconsultanta.ro/autoconsum-public-fotovoltaice-institutii-publice,https://atelierdeconsultanta.ro/contact,Contact,Conținut principal,no,no
https://atelierdeconsultanta.ro/autoconsum-public-fotovoltaice-institutii-publice,https://atelierdeconsultanta.ro/contact,Trimite datele proiectului,Urmatorul pas,no,no
https://atelierdeconsultanta.ro/blog,https://atelierdeconsultanta.ro/contact,Verifică situatia ta concreta,Conținut principal,no,no
https://atelierdeconsultanta.ro/blog,https://atelierdeconsultanta.ro/contact,Verificare proiect,Conținut principal,no,no
https://atelierdeconsultanta.ro/calendar-fonduri-europene,https://atelierdeconsultanta.ro/contact,Contact,Conținut principal,no,no
https://atelierdeconsultanta.ro/calendar-fonduri-europene,https://atelierdeconsultanta.ro/contact,Trimite datele proiectului,Verificare discreta pe cazul tau,no,no
https://atelierdeconsultanta.ro/cat-costa-consultanta-fonduri-europene,https://atelierdeconsultanta.ro/contact,Contact,Conținut principal,no,no
https://atelierdeconsultanta.ro/cat-costa-consultanta-fonduri-europene,https://atelierdeconsultanta.ro/contact,Verifică situatia ta,Verificare discreta pe cazul tau,no,no
https://atelierdeconsultanta.ro/cheltuieli-eligibile-pocidif-21,https://atelierdeconsultanta.ro/contact,Solicită analiza bugetului,Verifică bugetul PoCIDIF 2.1,no,no
https://atelierdeconsultanta.ro/cod-caen-start-up-nation-2026,https://atelierdeconsultanta.ro/contact,Solicită consultanță,Urmatorul pas,no,no
https://atelierdeconsultanta.ro/consultant-fonduri-europene-imm,https://atelierdeconsultanta.ro/contact,Contact,Conținut principal,no,no
https://atelierdeconsultanta.ro/consultant-fonduri-europene-imm,https://atelierdeconsultanta.ro/contact,Solicită analiza,Urmatorul pas,no,no
https://atelierdeconsultanta.ro/consultanta-afir,https://atelierdeconsultanta.ro/contact,Contact,Conținut principal,no,no
https://atelierdeconsultanta.ro/consultanta-afir,https://atelierdeconsultanta.ro/contact,Verifică eligibilitatea,Urmatorul pas,no,no
https://atelierdeconsultanta.ro/consultanta-fonduri-europene,https://atelierdeconsultanta.ro/contact,Contact,Conținut principal,no,no
https://atelierdeconsultanta.ro/consultanta-fonduri-europene,https://atelierdeconsultanta.ro/contact,Contact,Conținut principal,no,no
https://atelierdeconsultanta.ro/consultanta-fonduri-europene,https://atelierdeconsultanta.ro/contact,Trimite datele proiectului,Solicită verificare eligibilitate,no,no
https://atelierdeconsultanta.ro/consultanta-fonduri-europene-bucuresti,https://atelierdeconsultanta.ro/contact,Contact,Conținut principal,no,no
https://atelierdeconsultanta.ro/consultanta-fonduri-europene-bucuresti,https://atelierdeconsultanta.ro/contact,Trimite datele proiectului,Verifică proiectul înainte de depunere,no,no
https://atelierdeconsultanta.ro/consultanta-pnrr-digitalizare,https://atelierdeconsultanta.ro/contact,Contact,Conținut principal,no,no
https://atelierdeconsultanta.ro/consultanta-pnrr-digitalizare,https://atelierdeconsultanta.ro/contact,Verifică eligibilitatea,Urmatorul pas,no,no
https://atelierdeconsultanta.ro/consultanta-start-up-nation-2026,https://atelierdeconsultanta.ro/contact,Contact,Conținut principal,no,no
https://atelierdeconsultanta.ro/consultanta-start-up-nation-2026,https://atelierdeconsultanta.ro/contact,Verifică eligibilitatea,Urmatorul pas,no,no
https://atelierdeconsultanta.ro/cum-alegi-consultant-fonduri-europene,https://atelierdeconsultanta.ro/contact,Contact,Conținut principal,no,no
https://atelierdeconsultanta.ro/cum-alegi-consultant-fonduri-europene,https://atelierdeconsultanta.ro/contact,Verifică situatia ta,Verificare discreta pe cazul tau,no,no
https://atelierdeconsultanta.ro/despre-faber,https://atelierdeconsultanta.ro/contact,contact FABER,"E-E-A-T: experienta, metoda și limite",no,no
https://atelierdeconsultanta.ro/digitalizare-imm,https://atelierdeconsultanta.ro/contact,Trimite datele proiectului,Urmatorul pas,no,no
https://atelierdeconsultanta.ro/digitalizare-imm-pnrr,https://atelierdeconsultanta.ro/contact,Contact,Conținut principal,no,no
https://atelierdeconsultanta.ro/digitalizare-imm-pnrr,https://atelierdeconsultanta.ro/contact,Verifică eligibilitatea,Urmatorul pas,no,no
https://atelierdeconsultanta.ro/documente-punctaj-pocidif-21,https://atelierdeconsultanta.ro/contact,Solicită verificarea dosarului,Verifică dosarul și punctajul PoCIDIF 2.1,no,no
https://atelierdeconsultanta.ro/dr-12-afir-instalarea-tinerilor-fermieri,https://atelierdeconsultanta.ro/contact,Solicită verificare eligibilitate,Cui i se adresează DR 12,no,no
https://atelierdeconsultanta.ro/dr12-afir,https://atelierdeconsultanta.ro/contact,Verifică eligibilitatea fermei tale cu un consultant FABER,Verifică eligibilitatea fermei tale cu un consultant FABER,yes,no
https://atelierdeconsultanta.ro/dr14,https://atelierdeconsultanta.ro/contact,Verifică eligibilitatea DR14,Urmatorul pas,yes,no
https://atelierdeconsultanta.ro/e-move,https://atelierdeconsultanta.ro/contact,Verifică eligibilitatea e-MOVE,Urmatorul pas,no,no
https://atelierdeconsultanta.ro/eligibilitate-fonduri-europene,https://atelierdeconsultanta.ro/contact,Contact,Conținut principal,no,no
https://atelierdeconsultanta.ro/eligibilitate-fonduri-europene,https://atelierdeconsultanta.ro/contact,Trimite datele proiectului,Urmatorul pas,no,no
https://atelierdeconsultanta.ro/eligibilitate-pocidif-21,https://atelierdeconsultanta.ro/contact,Solicită verificarea eligibilității,Verifică eligibilitatea firmei pentru PoCIDIF 2.1,no,no
https://atelierdeconsultanta.ro/femeia-antreprenor-2026,https://atelierdeconsultanta.ro/contact,Trimite datele proiectului,Urmatorul pas,no,no
https://atelierdeconsultanta.ro/femeia-antreprenor-2026-conditii-idei-afaceri,https://atelierdeconsultanta.ro/contact,Solicită verificare eligibilitate,Ce înseamnă o idee finanțabilă,no,no
https://atelierdeconsultanta.ro/finantari-panouri-fotovoltaice,https://atelierdeconsultanta.ro/contact,Contact,Conținut principal,no,no
https://atelierdeconsultanta.ro/finantari-panouri-fotovoltaice,https://atelierdeconsultanta.ro/contact,Verifică proiectul energetic,Urmatorul pas,no,no
https://atelierdeconsultanta.ro/firma-consultanta-fonduri-europene,https://atelierdeconsultanta.ro/contact,Contact,Conținut principal,no,no
https://atelierdeconsultanta.ro/firma-consultanta-fonduri-europene,https://atelierdeconsultanta.ro/contact,Solicită analiza,Urmatorul pas,no,no
https://atelierdeconsultanta.ro/fondul-de-modernizare,https://atelierdeconsultanta.ro/contact,Contact,Conținut principal,no,no
https://atelierdeconsultanta.ro/fondul-de-modernizare,https://atelierdeconsultanta.ro/contact,Verifică proiectul energetic,Urmatorul pas,no,no
https://atelierdeconsultanta.ro/fondul-de-modernizare-finantari-energie-fotovoltaice-autoconsum,https://atelierdeconsultanta.ro/contact,Verifică proiectul energetic,Urmatorul pas,no,no
https://atelierdeconsultanta.ro/fondul-modernizare-energie-regenerabila-2026,https://atelierdeconsultanta.ro/contact,Contact,Conținut principal,no,no
https://atelierdeconsultanta.ro/fondul-modernizare-energie-regenerabila-2026,https://atelierdeconsultanta.ro/contact,Programează o discuție despre Fondul pentru Modernizare,Programează o discuție despre Fondul pentru Modernizare,no,no
https://atelierdeconsultanta.ro/fonduri-europene,https://atelierdeconsultanta.ro/contact,Trimite datele proiectului,Urmatorul pas,no,no
https://atelierdeconsultanta.ro/fonduri-europene-agricultura,https://atelierdeconsultanta.ro/contact,Verifică eligibilitatea,Urmatorul pas,no,no
https://atelierdeconsultanta.ro/fonduri-europene-bucuresti,https://atelierdeconsultanta.ro/contact,Contact,Conținut principal,no,no
https://atelierdeconsultanta.ro/fonduri-europene-bucuresti,https://atelierdeconsultanta.ro/contact,Trimite datele proiectului,Verifică proiectul înainte de depunere,no,no
https://atelierdeconsultanta.ro/fonduri-europene-caen/0111-culturi-cereale,https://atelierdeconsultanta.ro/contact,Contact,Conținut principal,no,no
https://atelierdeconsultanta.ro/fonduri-europene-caen/0111-culturi-cereale,https://atelierdeconsultanta.ro/contact,Trimite datele proiectului,Verifică proiectul înainte de depunere,no,no
https://atelierdeconsultanta.ro/fonduri-europene-caen/4321-instalatii-electrice,https://atelierdeconsultanta.ro/contact,Contact,Conținut principal,no,no
https://atelierdeconsultanta.ro/fonduri-europene-caen/4321-instalatii-electrice,https://atelierdeconsultanta.ro/contact,Trimite datele proiectului,Verifică proiectul înainte de depunere,no,no
https://atelierdeconsultanta.ro/fonduri-europene-caen/5610-restaurante,https://atelierdeconsultanta.ro/contact,Contact,Conținut principal,no,no
https://atelierdeconsultanta.ro/fonduri-europene-caen/5610-restaurante,https://atelierdeconsultanta.ro/contact,Trimite datele proiectului,Verifică proiectul înainte de depunere,no,no
https://atelierdeconsultanta.ro/fonduri-europene-caen/6201-dezvoltare-software,https://atelierdeconsultanta.ro/contact,Contact,Conținut principal,no,no
https://atelierdeconsultanta.ro/fonduri-europene-caen/6201-dezvoltare-software,https://atelierdeconsultanta.ro/contact,Trimite datele proiectului,Verifică proiectul înainte de depunere,no,no
https://atelierdeconsultanta.ro/fonduri-europene-digitalizare,https://atelierdeconsultanta.ro/contact,Verifică eligibilitatea,Urmatorul pas,no,no
https://atelierdeconsultanta.ro/fonduri-europene-femei-antreprenor,https://atelierdeconsultanta.ro/contact,Contact,Conținut principal,no,no
https://atelierdeconsultanta.ro/fonduri-europene-femei-antreprenor,https://atelierdeconsultanta.ro/contact,Verifică eligibilitatea,Urmatorul pas,no,no
https://atelierdeconsultanta.ro/fonduri-europene-imm,https://atelierdeconsultanta.ro/contact,Verifică eligibilitatea,Urmatorul pas,no,no
https://atelierdeconsultanta.ro/fonduri-europene-nerambursabile-2026,https://atelierdeconsultanta.ro/contact,Contact,Conținut principal,no,no
https://atelierdeconsultanta.ro/fonduri-europene-nerambursabile-2026,https://atelierdeconsultanta.ro/contact,Trimite datele proiectului,Urmatorul pas,no,no
https://atelierdeconsultanta.ro/fonduri-europene-nord-est,https://atelierdeconsultanta.ro/contact,Trimite datele proiectului,Verifică proiectul înainte de depunere,no,no
https://atelierdeconsultanta.ro/fonduri-nerambursabile,https://atelierdeconsultanta.ro/contact,Contact,Conținut principal,no,no
https://atelierdeconsultanta.ro/fonduri-nerambursabile,https://atelierdeconsultanta.ro/contact,Trimite datele proiectului,Urmatorul pas,no,no
https://atelierdeconsultanta.ro/fonduri-pentru-ferme,https://atelierdeconsultanta.ro/contact,Contact,Conținut principal,no,no
https://atelierdeconsultanta.ro/fonduri-pentru-ferme,https://atelierdeconsultanta.ro/contact,Verifică eligibilitatea,Urmatorul pas,no,no
https://atelierdeconsultanta.ro/fonduri-pentru-utilaje-agricole,https://atelierdeconsultanta.ro/contact,Contact,Conținut principal,no,no
https://atelierdeconsultanta.ro/fonduri-pentru-utilaje-agricole,https://atelierdeconsultanta.ro/contact,Verifică eligibilitatea,Urmatorul pas,no,no
https://atelierdeconsultanta.ro/fonduri-regionale,https://atelierdeconsultanta.ro/contact,Solicită verificare eligibilitate,Programe regionale 2021-2027 pe regiuni,no,no
https://atelierdeconsultanta.ro/fonduri-regionale,https://atelierdeconsultanta.ro/contact,Trimite datele proiectului,Ai un proiect regional?,no,no
https://atelierdeconsultanta.ro/fonduri-regionale,https://atelierdeconsultanta.ro/contact,Verificare inițială pentru proiect regional,Sud-Vest Oltenia,no,no
https://atelierdeconsultanta.ro/gal-afir,https://atelierdeconsultanta.ro/contact,Contact,Conținut principal,no,no
https://atelierdeconsultanta.ro/gal-afir,https://atelierdeconsultanta.ro/contact,Trimite datele proiectului,Urmatorul pas,no,no
https://atelierdeconsultanta.ro/ghiduri,https://atelierdeconsultanta.ro/contact,Contact,Conținut principal,no,no
https://atelierdeconsultanta.ro/ghiduri,https://atelierdeconsultanta.ro/contact,Contact,Conținut principal,no,no
https://atelierdeconsultanta.ro/ghiduri,https://atelierdeconsultanta.ro/contact,Trimite datele proiectului,Verificare discreta pe cazul tau,no,no
https://atelierdeconsultanta.ro/glosar-fonduri-europene,https://atelierdeconsultanta.ro/contact,Trimite întrebarea,Nu esti sigur cum se aplica un termen proiectului tau?,no,no
https://atelierdeconsultanta.ro/granturi-digitalizare-imm,https://atelierdeconsultanta.ro/contact,Contact,Conținut principal,no,no
https://atelierdeconsultanta.ro/granturi-digitalizare-imm,https://atelierdeconsultanta.ro/contact,Verifică eligibilitatea,Urmatorul pas,no,no
https://atelierdeconsultanta.ro/greseli-fonduri-europene,https://atelierdeconsultanta.ro/contact,Contact,Conținut principal,no,no
https://atelierdeconsultanta.ro/greseli-fonduri-europene,https://atelierdeconsultanta.ro/contact,Verifică situatia ta,Verificare discreta pe cazul tau,no,no
https://atelierdeconsultanta.ro/instrumente,https://atelierdeconsultanta.ro/contact,Contact,Conținut principal,no,no
https://atelierdeconsultanta.ro/instrumente,https://atelierdeconsultanta.ro/contact,Foloseste instrumentul,Urmatorul pas,no,no
https://atelierdeconsultanta.ro/intrebari-frecvente,https://atelierdeconsultanta.ro/contact,Contact,Conținut principal,no,no
https://atelierdeconsultanta.ro/intrebari-frecvente,https://atelierdeconsultanta.ro/contact,Trimite datele proiectului,Verificare discreta pe cazul tau,no,no
https://atelierdeconsultanta.ro/intrebari/ce-cheltuieli-sunt-eligibile-la-digitalizare-imm,https://atelierdeconsultanta.ro/contact,Trimite datele proiectului,Verifică proiectul înainte de depunere,no,no
https://atelierdeconsultanta.ro/intrebari/ce-documente-sunt-necesare-pentru-dr12,https://atelierdeconsultanta.ro/contact,Trimite datele proiectului,Verifică proiectul înainte de depunere,no,no
https://atelierdeconsultanta.ro/intrebari/cum-se-calculeaza-cofinantarea-la-fonduri-europene,https://atelierdeconsultanta.ro/contact,Trimite datele proiectului,Verifică proiectul înainte de depunere,no,no
https://atelierdeconsultanta.ro/investitii-modernizarea-microintreprinderilor-apel-2,https://atelierdeconsultanta.ro/contact,Solicită verificare eligibilitate pentru Apel 2,Solicită verificare eligibilitate pentru Apel 2,no,no
https://atelierdeconsultanta.ro/management-proiecte-fonduri-europene,https://atelierdeconsultanta.ro/contact,contact,Conținut principal,no,no
https://atelierdeconsultanta.ro/management-proiecte-fonduri-europene,https://atelierdeconsultanta.ro/contact,Trimite detaliile proiectului,Discută cu un consultant,no,no
https://atelierdeconsultanta.ro/metodologie-verificare-eligibilitate,https://atelierdeconsultanta.ro/contact,Trimite detaliile proiectului,Ai nevoie de o triere prudentă a proiectului?,no,no
https://atelierdeconsultanta.ro/plan-de-afaceri-fonduri-europene,https://atelierdeconsultanta.ro/contact,contact,Conținut principal,no,no
https://atelierdeconsultanta.ro/plan-de-afaceri-fonduri-europene,https://atelierdeconsultanta.ro/contact,Trimite detaliile proiectului,Discută cu un consultant,no,no
https://atelierdeconsultanta.ro/pnrr,https://atelierdeconsultanta.ro/contact,Trimite datele proiectului,Urmatorul pas,no,no
https://atelierdeconsultanta.ro/pnrr-digitalizare-imm-cheltuieli-eligibile,https://atelierdeconsultanta.ro/contact,Solicită verificare eligibilitate,Digitalizarea începe cu procesele firmei,no,no
https://atelierdeconsultanta.ro/pocidif-21,https://atelierdeconsultanta.ro/contact,Solicită analiză eligibilitate pentru PoCIDIF 2.1,Solicită analiză eligibilitate pentru PoCIDIF 2.1,yes,no
https://atelierdeconsultanta.ro/por-adr-nord-est,https://atelierdeconsultanta.ro/contact,Trimite datele pentru verificarea eligibilității,Trimite datele pentru verificarea eligibilității,yes,no
https://atelierdeconsultanta.ro/pro-infra,https://atelierdeconsultanta.ro/contact,Verifică eligibilitatea PRO INFRA,Urmatorul pas,yes,no
https://atelierdeconsultanta.ro/programul-tranzitie-justa,https://atelierdeconsultanta.ro/contact,Solicită verificare eligibilitate,Următorul pas,no,no
https://atelierdeconsultanta.ro/programul-tranzitie-justa-intrebari-documente,https://atelierdeconsultanta.ro/contact,Solicită verificare eligibilitate,Ai întrebările și documentele pregătite?,no,no
https://atelierdeconsultanta.ro/proiectare-fonduri-europene,https://atelierdeconsultanta.ro/contact,contact,Conținut principal,no,no
https://atelierdeconsultanta.ro/proiectare-fonduri-europene,https://atelierdeconsultanta.ro/contact,Trimite detaliile proiectului,Discută cu un consultant,no,no
https://atelierdeconsultanta.ro/resurse,https://atelierdeconsultanta.ro/contact,Cere actualizări pentru program,Pe scurt,no,no
https://atelierdeconsultanta.ro/resurse,https://atelierdeconsultanta.ro/contact,Contact,Conținut principal,no,no
https://atelierdeconsultanta.ro/resurse,https://atelierdeconsultanta.ro/contact,Verifică situatia ta,Verificare discreta pe cazul tau,no,no
https://atelierdeconsultanta.ro/resurse-utile,https://atelierdeconsultanta.ro/contact,Solicită verificare eligibilitate,Verifică proiectul pe documente,no,no
https://atelierdeconsultanta.ro/start-up-nation-2026,https://atelierdeconsultanta.ro/contact,Verifică scenariul Start-Up Nation,Urmatorul pas,no,no
https://atelierdeconsultanta.ro/start-up-nation-2026-cheltuieli-eligibile,https://atelierdeconsultanta.ro/contact,Verifică eligibilitatea,Urmatorul pas,no,no
https://atelierdeconsultanta.ro/start-up-nation-2026-conditii,https://atelierdeconsultanta.ro/contact,Trimite datele proiectului,Urmatorul pas,no,no
https://atelierdeconsultanta.ro/start-up-nation-2026-idei-afaceri,https://atelierdeconsultanta.ro/contact,Verifică eligibilitatea,Urmatorul pas,no,no
https://atelierdeconsultanta.ro/start-up-nation-2026-plan-de-afaceri,https://atelierdeconsultanta.ro/contact,Verifică eligibilitatea,Urmatorul pas,no,no
https://atelierdeconsultanta.ro/studii-de-caz-fonduri-europene,https://atelierdeconsultanta.ro/contact,Trimite detaliile proiectului,Verifică proiectul tau înainte de dosar,no,no
https://atelierdeconsultanta.ro/studiu-fezabilitate-fonduri-europene,https://atelierdeconsultanta.ro/contact,Trimite detaliile proiectului,Discută cu un consultant,no,no
https://atelierdeconsultanta.ro/surse-oficiale-fonduri-europene,https://atelierdeconsultanta.ro/contact,Trimite programul,Vrei să verificam un program concret?,no,no
https://atelierdeconsultanta.ro/verificare-eligibilitate-fonduri-europene,https://atelierdeconsultanta.ro/contact,Contact,Conținut principal,no,no
https://atelierdeconsultanta.ro/verificare-eligibilitate-fonduri-europene,https://atelierdeconsultanta.ro/contact,Trimite datele proiectului,Urmatorul pas,no,no
https://atelierdeconsultanta.ro/webinarii,https://atelierdeconsultanta.ro/contact,Contact,Conținut principal,no,no
https://atelierdeconsultanta.ro/webinarii,https://atelierdeconsultanta.ro/contact,Solicită consultanță,Urmatorul pas,no,no
https://atelierdeconsultanta.ro/cat-costa-consultanta-fonduri-europene,https://atelierdeconsultanta.ro/cum-alegi-consultant-fonduri-europene,Cum Alegi Consultant Fonduri Europene,Conținut principal,no,no
https://atelierdeconsultanta.ro/firma-consultanta-fonduri-europene,https://atelierdeconsultanta.ro/cum-alegi-consultant-fonduri-europene,Cum Alegi Consultant Fonduri Europene,Conținut principal,no,no
https://atelierdeconsultanta.ro/,https://atelierdeconsultanta.ro/despre-faber,"Despre FABERCine este brandul, ce verifică, ce nu promite și ce date publice trebuie validate.",Resurse utile,no,no
https://atelierdeconsultanta.ro/,https://atelierdeconsultanta.ro/digitalizare-imm,Detalii program,Digitalizare IMM 2024–2026,no,no
https://atelierdeconsultanta.ro/cheltuieli-eligibile-pocidif-21,https://atelierdeconsultanta.ro/digitalizare-imm,Digitalizare IMM,Conținut principal,no,no
https://atelierdeconsultanta.ro/consultant-fonduri-europene-imm,https://atelierdeconsultanta.ro/digitalizare-imm,Digitalizare IMM,Conținut principal,no,no
https://atelierdeconsultanta.ro/consultant-fonduri-europene-imm,https://atelierdeconsultanta.ro/digitalizare-imm,Digitalizare IMM,Conținut principal,no,no
https://atelierdeconsultanta.ro/consultanta-fonduri-europene,https://atelierdeconsultanta.ro/digitalizare-imm,Digitalizare IMM,Conținut principal,no,no
https://atelierdeconsultanta.ro/consultanta-fonduri-europene,https://atelierdeconsultanta.ro/digitalizare-imm,Digitalizare IMM,Conținut principal,no,no
https://atelierdeconsultanta.ro/consultanta-fonduri-europene-bucuresti,https://atelierdeconsultanta.ro/digitalizare-imm,Digitalizare IMM,Conținut principal,no,no
https://atelierdeconsultanta.ro/consultanta-pnrr-digitalizare,https://atelierdeconsultanta.ro/digitalizare-imm,Digitalizare IMM,Conținut principal,no,no
https://atelierdeconsultanta.ro/consultanta-pnrr-digitalizare,https://atelierdeconsultanta.ro/digitalizare-imm,Hub Digitalizare IMM,Conținut principal,no,no
https://atelierdeconsultanta.ro/digitalizare-imm-pnrr,https://atelierdeconsultanta.ro/digitalizare-imm,Digitalizare IMM,Conținut principal,no,no
https://atelierdeconsultanta.ro/digitalizare-imm-pnrr,https://atelierdeconsultanta.ro/digitalizare-imm,Hub Digitalizare IMM,Conținut principal,no,no
https://atelierdeconsultanta.ro/fonduri-europene,https://atelierdeconsultanta.ro/digitalizare-imm,Digitalizare IMM,Fonduri pentru digitalizare,no,no
https://atelierdeconsultanta.ro/fonduri-europene-bucuresti,https://atelierdeconsultanta.ro/digitalizare-imm,Digitalizare IMM,Conținut principal,no,no
https://atelierdeconsultanta.ro/fonduri-europene-digitalizare,https://atelierdeconsultanta.ro/digitalizare-imm,Digitalizare IMM,Conținut principal,no,no
https://atelierdeconsultanta.ro/fonduri-europene-imm,https://atelierdeconsultanta.ro/digitalizare-imm,Digitalizare IMM,Conținut principal,no,no
https://atelierdeconsultanta.ro/fonduri-europene-nerambursabile-2026,https://atelierdeconsultanta.ro/digitalizare-imm,Digitalizare IMM,Conținut principal,no,no
https://atelierdeconsultanta.ro/ghiduri,https://atelierdeconsultanta.ro/digitalizare-imm,digitalizare,Pe scurt,no,no
https://atelierdeconsultanta.ro/ghiduri,https://atelierdeconsultanta.ro/digitalizare-imm,Digitalizare IMM,Pe scurt,no,no
https://atelierdeconsultanta.ro/ghiduri,https://atelierdeconsultanta.ro/digitalizare-imm,Digitalizare IMM,Conținut principal,no,no
https://atelierdeconsultanta.ro/ghiduri,https://atelierdeconsultanta.ro/digitalizare-imm,Digitalizare IMM,Conținut principal,no,no
https://atelierdeconsultanta.ro/granturi-digitalizare-imm,https://atelierdeconsultanta.ro/digitalizare-imm,Digitalizare IMM,Conținut principal,no,no
https://atelierdeconsultanta.ro/intrebari/ce-cheltuieli-sunt-eligibile-la-digitalizare-imm,https://atelierdeconsultanta.ro/digitalizare-imm,Digitalizare IMM,Conținut principal,no,no
https://atelierdeconsultanta.ro/pnrr,https://atelierdeconsultanta.ro/digitalizare-imm,Digitalizare IMM,Conținut principal,no,no
https://atelierdeconsultanta.ro/pnrr,https://atelierdeconsultanta.ro/digitalizare-imm,Hub Digitalizare IMM,Conținut principal,no,no
https://atelierdeconsultanta.ro/pocidif-21,https://atelierdeconsultanta.ro/digitalizare-imm,Digitalizare IMM,Conținut principal,yes,no
https://atelierdeconsultanta.ro/resurse,https://atelierdeconsultanta.ro/digitalizare-imm,Digitalizare IMM,Conținut principal,no,no
https://atelierdeconsultanta.ro/studii-de-caz-fonduri-europene,https://atelierdeconsultanta.ro/digitalizare-imm,Digitalizare IMM,Conținut principal,no,no
https://atelierdeconsultanta.ro/consultanta-pnrr-digitalizare,https://atelierdeconsultanta.ro/digitalizare-imm-erp-crm-cloud,Digitalizare Imm Erp Crm Cloud,Conținut principal,no,no
https://atelierdeconsultanta.ro/digitalizare-imm,https://atelierdeconsultanta.ro/digitalizare-imm-erp-crm-cloud,Digitalizare Imm Erp Crm Cloud,Conținut principal,no,no
https://atelierdeconsultanta.ro/digitalizare-imm,https://atelierdeconsultanta.ro/digitalizare-imm-erp-crm-cloud,"ERP, CRM și cloud",Conținut principal,no,no
https://atelierdeconsultanta.ro/digitalizare-imm,https://atelierdeconsultanta.ro/digitalizare-imm-erp-crm-cloud,"ERP, CRM și cloud",Conținut principal,no,no
https://atelierdeconsultanta.ro/digitalizare-imm-pnrr,https://atelierdeconsultanta.ro/digitalizare-imm-erp-crm-cloud,Digitalizare Imm Erp Crm Cloud,Conținut principal,no,no
https://atelierdeconsultanta.ro/fonduri-europene,https://atelierdeconsultanta.ro/digitalizare-imm-erp-crm-cloud,"ERP, CRM și cloud",Fonduri pentru digitalizare,no,no
https://atelierdeconsultanta.ro/fonduri-europene-digitalizare,https://atelierdeconsultanta.ro/digitalizare-imm-erp-crm-cloud,Digitalizare Imm Erp Crm Cloud,Conținut principal,no,no
https://atelierdeconsultanta.ro/consultanta-pnrr-digitalizare,https://atelierdeconsultanta.ro/digitalizare-imm-pnrr,Digitalizare IMM / PNRR,Conținut principal,no,no
https://atelierdeconsultanta.ro/consultanta-pnrr-digitalizare,https://atelierdeconsultanta.ro/digitalizare-imm-pnrr,Pagina aplicata Digitalizare IMM / PNRR,Conținut principal,no,no
https://atelierdeconsultanta.ro/digitalizare-imm,https://atelierdeconsultanta.ro/digitalizare-imm-pnrr,Digitalizare IMM / PNRR,Conținut principal,no,no
https://atelierdeconsultanta.ro/digitalizare-imm,https://atelierdeconsultanta.ro/digitalizare-imm-pnrr,PNRR / digitalizare,Conținut principal,no,no
https://atelierdeconsultanta.ro/digitalizare-imm,https://atelierdeconsultanta.ro/digitalizare-imm-pnrr,PNRR / digitalizare,Conținut principal,no,no
https://atelierdeconsultanta.ro/fonduri-europene-digitalizare,https://atelierdeconsultanta.ro/digitalizare-imm-pnrr,Digitalizare IMM / PNRR,Conținut principal,no,no
https://atelierdeconsultanta.ro/granturi-digitalizare-imm,https://atelierdeconsultanta.ro/digitalizare-imm-pnrr,Digitalizare IMM / PNRR,Conținut principal,no,no
https://atelierdeconsultanta.ro/pnrr,https://atelierdeconsultanta.ro/digitalizare-imm-pnrr,Digitalizare IMM / PNRR,Conținut principal,no,no
https://atelierdeconsultanta.ro/pnrr,https://atelierdeconsultanta.ro/digitalizare-imm-pnrr,Pagina aplicata Digitalizare IMM / PNRR,Conținut principal,no,no
https://atelierdeconsultanta.ro/pnrr-digitalizare-imm-cheltuieli-eligibile,https://atelierdeconsultanta.ro/digitalizare-imm-pnrr,Digitalizare IMM / PNRR,Digitalizarea începe cu procesele firmei,no,no
https://atelierdeconsultanta.ro/pocidif-21,https://atelierdeconsultanta.ro/digitalizare-imm-pnrr,Digitalizare IMM / PNRR,Conținut principal,yes,no
https://atelierdeconsultanta.ro/cheltuieli-eligibile-pocidif-21,https://atelierdeconsultanta.ro/documente-punctaj-pocidif-21,Documente și punctaj PoCIDIF 2.1,Conținut principal,no,no
https://atelierdeconsultanta.ro/eligibilitate-pocidif-21,https://atelierdeconsultanta.ro/documente-punctaj-pocidif-21,Documente și punctaj PoCIDIF 2.1,Conținut principal,no,no
https://atelierdeconsultanta.ro/pocidif-21,https://atelierdeconsultanta.ro/documente-punctaj-pocidif-21,Documente și punctaj PoCIDIF 2.1,Conținut principal,yes,no
https://atelierdeconsultanta.ro/,https://atelierdeconsultanta.ro/dr12-afir,Detalii program,DR 12 / AFIR – Instalarea Tinerilor Fermieri,no,yes
https://atelierdeconsultanta.ro/,https://atelierdeconsultanta.ro/dr12-afir,DR 12 – Tineri fermieriInstalare și consolidare,Consultanță și proiectare pentru proiecte cu fonduri europene,no,yes
https://atelierdeconsultanta.ro/afir,https://atelierdeconsultanta.ro/dr12-afir,DR 12 AFIR,Solicitant,no,yes
https://atelierdeconsultanta.ro/afir,https://atelierdeconsultanta.ro/dr12-afir,DR 12 AFIR,Solicitant,no,yes
https://atelierdeconsultanta.ro/afir,https://atelierdeconsultanta.ro/dr12-afir,DR 12 AFIR,Conținut principal,no,yes
https://atelierdeconsultanta.ro/afir,https://atelierdeconsultanta.ro/dr12-afir,DR 12 AFIR,Conținut principal,no,yes
https://atelierdeconsultanta.ro/afir-autoconsum-agroalimentar,https://atelierdeconsultanta.ro/dr12-afir,DR 12 AFIR,Conținut principal,yes,yes
https://atelierdeconsultanta.ro/consultanta-afir,https://atelierdeconsultanta.ro/dr12-afir,DR 12 AFIR,Conținut principal,no,yes
https://atelierdeconsultanta.ro/consultanta-fonduri-europene,https://atelierdeconsultanta.ro/dr12-afir,DR 12 AFIR,Conținut principal,no,yes
https://atelierdeconsultanta.ro/consultanta-fonduri-europene,https://atelierdeconsultanta.ro/dr12-afir,DR 12 AFIR,Conținut principal,no,yes
https://atelierdeconsultanta.ro/dr-12-afir-instalarea-tinerilor-fermieri,https://atelierdeconsultanta.ro/dr12-afir,DR12 AFIR,Cui i se adresează DR 12,no,yes
https://atelierdeconsultanta.ro/dr-12-afir-instalarea-tinerilor-fermieri,https://atelierdeconsultanta.ro/dr12-afir,pagina DR12 AFIR pentru tineri fermieri,Cui i se adresează DR 12,no,yes
https://atelierdeconsultanta.ro/dr-12-afir-instalarea-tinerilor-fermieri,https://atelierdeconsultanta.ro/dr12-afir,pagina programului DR 12 AFIR,Cui i se adresează DR 12,no,yes
https://atelierdeconsultanta.ro/dr14,https://atelierdeconsultanta.ro/dr12-afir,DR 12 AFIR,Conținut principal,yes,yes
https://atelierdeconsultanta.ro/fonduri-europene-agricultura,https://atelierdeconsultanta.ro/dr12-afir,DR 12 AFIR,Conținut principal,no,yes
https://atelierdeconsultanta.ro/fonduri-europene-nerambursabile-2026,https://atelierdeconsultanta.ro/dr12-afir,DR 12 AFIR,Conținut principal,no,yes
https://atelierdeconsultanta.ro/fonduri-pentru-ferme,https://atelierdeconsultanta.ro/dr12-afir,DR 12 AFIR,Conținut principal,no,yes
https://atelierdeconsultanta.ro/fonduri-pentru-utilaje-agricole,https://atelierdeconsultanta.ro/dr12-afir,DR 12 AFIR,Conținut principal,no,yes
https://atelierdeconsultanta.ro/gal-afir,https://atelierdeconsultanta.ro/dr12-afir,DR 12 AFIR,Conținut principal,no,yes
https://atelierdeconsultanta.ro/ghiduri,https://atelierdeconsultanta.ro/dr12-afir,DR 12 AFIR,Conținut principal,no,yes
https://atelierdeconsultanta.ro/ghiduri,https://atelierdeconsultanta.ro/dr12-afir,DR12,Pe scurt,no,yes
https://atelierdeconsultanta.ro/intrebari/ce-documente-sunt-necesare-pentru-dr12,https://atelierdeconsultanta.ro/dr12-afir,DR 12 AFIR,Conținut principal,no,yes
https://atelierdeconsultanta.ro/resurse,https://atelierdeconsultanta.ro/dr12-afir,DR 12 AFIR,Conținut principal,no,yes
https://atelierdeconsultanta.ro/studii-de-caz-fonduri-europene,https://atelierdeconsultanta.ro/dr12-afir,DR 12 AFIR,Conținut principal,no,yes
https://atelierdeconsultanta.ro/afir,https://atelierdeconsultanta.ro/dr12-vs-dr14,Dr12 Vs Dr14,Conținut principal,no,no
https://atelierdeconsultanta.ro/afir,https://atelierdeconsultanta.ro/dr12-vs-dr14,DR12 vs DR14,Solicitant,no,no
https://atelierdeconsultanta.ro/afir,https://atelierdeconsultanta.ro/dr12-vs-dr14,DR12 vs DR14,Solicitant,no,no
https://atelierdeconsultanta.ro/afir,https://atelierdeconsultanta.ro/dr12-vs-dr14,DR12 vs DR14,Conținut principal,no,no
https://atelierdeconsultanta.ro/ghiduri,https://atelierdeconsultanta.ro/dr12-vs-dr14,DR12 vs DR14,Conținut principal,no,no
https://atelierdeconsultanta.ro/,https://atelierdeconsultanta.ro/dr14,Detalii program,DR 14 – Ferme de Mici Dimensiuni,no,yes
https://atelierdeconsultanta.ro/,https://atelierdeconsultanta.ro/dr14,DR 14 – Ferme miciModernizare graduală,Consultanță și proiectare pentru proiecte cu fonduri europene,no,yes
https://atelierdeconsultanta.ro/afir,https://atelierdeconsultanta.ro/dr14,DR 14 AFIR,Solicitant,no,yes
https://atelierdeconsultanta.ro/afir,https://atelierdeconsultanta.ro/dr14,DR 14 AFIR,Solicitant,no,yes
https://atelierdeconsultanta.ro/afir,https://atelierdeconsultanta.ro/dr14,DR 14 AFIR,Conținut principal,no,yes
https://atelierdeconsultanta.ro/afir,https://atelierdeconsultanta.ro/dr14,DR 14 AFIR,Conținut principal,no,yes
https://atelierdeconsultanta.ro/afir,https://atelierdeconsultanta.ro/dr14,DR14 AFIR ferme mici,Solicitant,no,yes
https://atelierdeconsultanta.ro/afir,https://atelierdeconsultanta.ro/dr14,DR14 ferme mici,Conținut principal,no,yes
https://atelierdeconsultanta.ro/afir-autoconsum-agroalimentar,https://atelierdeconsultanta.ro/dr14,DR 14 AFIR,Conținut principal,yes,yes
https://atelierdeconsultanta.ro/consultanta-afir,https://atelierdeconsultanta.ro/dr14,DR 14 AFIR,Conținut principal,no,yes
https://atelierdeconsultanta.ro/consultanta-fonduri-europene,https://atelierdeconsultanta.ro/dr14,DR 14 AFIR,Conținut principal,no,yes
https://atelierdeconsultanta.ro/consultanta-fonduri-europene,https://atelierdeconsultanta.ro/dr14,DR 14 AFIR,Conținut principal,no,yes
https://atelierdeconsultanta.ro/dr-14-afir-conditii-eligibilitate-greseli-frecvente,https://atelierdeconsultanta.ro/dr14,DR14 AFIR,Ce urmărește DR 14,no,yes
https://atelierdeconsultanta.ro/dr-14-afir-conditii-eligibilitate-greseli-frecvente,https://atelierdeconsultanta.ro/dr14,"DR14 AFIRPagina principală pentru program, condiții, documente și traseu de verificare.",Vezi și,no,yes
https://atelierdeconsultanta.ro/dr-14-afir-conditii-eligibilitate-greseli-frecvente,https://atelierdeconsultanta.ro/dr14,pagina dedicată DR 14,Ce urmărește DR 14,no,yes
https://atelierdeconsultanta.ro/dr12-afir,https://atelierdeconsultanta.ro/dr14,DR 14 AFIR,Conținut principal,yes,yes
https://atelierdeconsultanta.ro/fonduri-europene-agricultura,https://atelierdeconsultanta.ro/dr14,DR 14 AFIR,Conținut principal,no,yes
https://atelierdeconsultanta.ro/fonduri-pentru-ferme,https://atelierdeconsultanta.ro/dr14,DR 14 AFIR,Conținut principal,no,yes
https://atelierdeconsultanta.ro/fonduri-pentru-utilaje-agricole,https://atelierdeconsultanta.ro/dr14,DR 14 AFIR,Conținut principal,no,yes
https://atelierdeconsultanta.ro/gal-afir,https://atelierdeconsultanta.ro/dr14,DR 14 AFIR,Conținut principal,no,yes
https://atelierdeconsultanta.ro/ghiduri,https://atelierdeconsultanta.ro/dr14,DR14,Pe scurt,no,yes
https://atelierdeconsultanta.ro/studii-de-caz-fonduri-europene,https://atelierdeconsultanta.ro/dr14,DR 14 ferme mici,Conținut principal,no,yes
https://atelierdeconsultanta.ro/,https://atelierdeconsultanta.ro/e-move,Detalii e-MOVE,e-MOVE RO,no,no
https://atelierdeconsultanta.ro/,https://atelierdeconsultanta.ro/e-move,e-MOVE ROMobilitate electrică,Consultanță și proiectare pentru proiecte cu fonduri europene,no,no
https://atelierdeconsultanta.ro/calendar-fonduri-europene,https://atelierdeconsultanta.ro/e-move,E Move,Conținut principal,no,no
https://atelierdeconsultanta.ro/consultanta-fonduri-europene,https://atelierdeconsultanta.ro/e-move,E Move,Conținut principal,no,no
https://atelierdeconsultanta.ro/fondul-de-modernizare,https://atelierdeconsultanta.ro/e-move,E Move,Conținut principal,no,no
https://atelierdeconsultanta.ro/fonduri-europene,https://atelierdeconsultanta.ro/e-move,E Move,Conținut principal,no,no
https://atelierdeconsultanta.ro/fonduri-europene,https://atelierdeconsultanta.ro/e-move,e-MOVE,Conținut principal,no,no
https://atelierdeconsultanta.ro/fonduri-europene-imm,https://atelierdeconsultanta.ro/e-move,E Move,Conținut principal,no,no
https://atelierdeconsultanta.ro/fonduri-europene-nerambursabile-2026,https://atelierdeconsultanta.ro/e-move,E Move,Conținut principal,no,no
https://atelierdeconsultanta.ro/ghiduri,https://atelierdeconsultanta.ro/e-move,E Move,Conținut principal,no,no
https://atelierdeconsultanta.ro/intrebari-frecvente,https://atelierdeconsultanta.ro/e-move,E Move,Conținut principal,no,no
https://atelierdeconsultanta.ro/pocidif-21,https://atelierdeconsultanta.ro/e-move,e-MOVE RO,Conținut principal,yes,no
https://atelierdeconsultanta.ro/pro-infra,https://atelierdeconsultanta.ro/e-move,e-MOVE RO,Conținut principal,yes,no
https://atelierdeconsultanta.ro/resurse,https://atelierdeconsultanta.ro/e-move,E Move,Conținut principal,no,no
https://atelierdeconsultanta.ro/surse-oficiale-fonduri-europene,https://atelierdeconsultanta.ro/e-move,Ghid e-MOVE RO,Conținut principal,no,no
https://atelierdeconsultanta.ro/fonduri-nerambursabile,https://atelierdeconsultanta.ro/eligibilitate-fonduri-europene,Eligibilitate Fonduri Europene,Conținut principal,no,no
https://atelierdeconsultanta.ro/glosar-fonduri-europene,https://atelierdeconsultanta.ro/eligibilitate-fonduri-europene,Eligibilitate fonduri europene,Conținut principal,no,no
https://atelierdeconsultanta.ro/idei-afaceri-fonduri-europene,https://atelierdeconsultanta.ro/eligibilitate-fonduri-europene,Verificare eligibilitate,Vrei să verificăm ideea ta de afacere?,no,no
https://atelierdeconsultanta.ro/por-adr-nord-est,https://atelierdeconsultanta.ro/eligibilitate-fonduri-europene,Eligibilitate Fonduri Europene,Conținut principal,yes,no
https://atelierdeconsultanta.ro/cheltuieli-eligibile-pocidif-21,https://atelierdeconsultanta.ro/eligibilitate-pocidif-21,Eligibilitate PoCIDIF 2.1,Conținut principal,no,no
https://atelierdeconsultanta.ro/documente-punctaj-pocidif-21,https://atelierdeconsultanta.ro/eligibilitate-pocidif-21,Eligibilitate PoCIDIF 2.1,Conținut principal,no,no
https://atelierdeconsultanta.ro/pocidif-21,https://atelierdeconsultanta.ro/eligibilitate-pocidif-21,Eligibilitate PoCIDIF 2.1,Conținut principal,yes,no
https://atelierdeconsultanta.ro/,https://atelierdeconsultanta.ro/femeia-antreprenor-2026,Detalii program,Femeia Antreprenor 2026,no,no
https://atelierdeconsultanta.ro/,https://atelierdeconsultanta.ro/femeia-antreprenor-2026,Femeia Antreprenor 2026,Programe și surse de finanțare,no,no
https://atelierdeconsultanta.ro/femeia-antreprenor-2026-conditii-idei-afaceri,https://atelierdeconsultanta.ro/femeia-antreprenor-2026,Femeia Antreprenor 2026,Ce înseamnă o idee finanțabilă,no,no
https://atelierdeconsultanta.ro/femeia-antreprenor-2026-conditii-idei-afaceri,https://atelierdeconsultanta.ro/femeia-antreprenor-2026,"Femeia Antreprenor 2026Pagina de program pentru eligibilitate, documente, CAEN și pregătirea dosarului.",Vezi și,no,no
https://atelierdeconsultanta.ro/fonduri-europene-femei-antreprenor,https://atelierdeconsultanta.ro/femeia-antreprenor-2026,Femeia Antreprenor 2026,Conținut principal,no,no
https://atelierdeconsultanta.ro/fonduri-europene-femei-antreprenor,https://atelierdeconsultanta.ro/femeia-antreprenor-2026,Programul Femeia Antreprenor 2026,Conținut principal,no,no
https://atelierdeconsultanta.ro/fonduri-europene-imm,https://atelierdeconsultanta.ro/femeia-antreprenor-2026,Femeia Antreprenor 2026,Conținut principal,no,no
https://atelierdeconsultanta.ro/fonduri-europene-nerambursabile-2026,https://atelierdeconsultanta.ro/femeia-antreprenor-2026,Femeia Antreprenor 2026,Conținut principal,no,no
https://atelierdeconsultanta.ro/femeia-antreprenor-2026,https://atelierdeconsultanta.ro/femeia-antreprenor-2026-conditii-idei-afaceri,Condiții și idei de afaceri,Conținut principal,no,no
https://atelierdeconsultanta.ro/femeia-antreprenor-2026,https://atelierdeconsultanta.ro/femeia-antreprenor-2026-conditii-idei-afaceri,Femeia Antreprenor 2026 Condiții Idei Afaceri,Conținut principal,no,no
https://atelierdeconsultanta.ro/fonduri-europene-femei-antreprenor,https://atelierdeconsultanta.ro/femeia-antreprenor-2026-conditii-idei-afaceri,Condiții și idei de afaceri,Conținut principal,no,no
https://atelierdeconsultanta.ro/fonduri-europene-femei-antreprenor,https://atelierdeconsultanta.ro/femeia-antreprenor-2026-conditii-idei-afaceri,Femeia Antreprenor 2026 Condiții Idei Afaceri,Conținut principal,no,no
https://atelierdeconsultanta.ro/afir-autoconsum-agroalimentar,https://atelierdeconsultanta.ro/finantari-panouri-fotovoltaice,Finantari panouri fotovoltaice,Conținut principal,yes,no
https://atelierdeconsultanta.ro/afir-autoconsum-agroalimentar,https://atelierdeconsultanta.ro/finantari-panouri-fotovoltaice,finanțări pentru panouri fotovoltaice,Fondul pentru Modernizare și finanțări fotovoltaice,yes,no
https://atelierdeconsultanta.ro/autoconsum-public-fotovoltaice-institutii-publice,https://atelierdeconsultanta.ro/finantari-panouri-fotovoltaice,Finantari panouri fotovoltaice,Conținut principal,no,no
https://atelierdeconsultanta.ro/autoconsum-public-fotovoltaice-institutii-publice,https://atelierdeconsultanta.ro/finantari-panouri-fotovoltaice,Finantari panouri fotovoltaice,Conținut principal,no,no
https://atelierdeconsultanta.ro/e-move,https://atelierdeconsultanta.ro/finantari-panouri-fotovoltaice,Finantari panouri fotovoltaice,Conținut principal,no,no
https://atelierdeconsultanta.ro/fondul-de-modernizare,https://atelierdeconsultanta.ro/finantari-panouri-fotovoltaice,Finantari panouri fotovoltaice,Conținut principal,no,no
https://atelierdeconsultanta.ro/fondul-de-modernizare-finantari-energie-fotovoltaice-autoconsum,https://atelierdeconsultanta.ro/finantari-panouri-fotovoltaice,Finantari panouri fotovoltaice,Conținut principal,no,no
https://atelierdeconsultanta.ro/fondul-de-modernizare-finantari-energie-fotovoltaice-autoconsum,https://atelierdeconsultanta.ro/finantari-panouri-fotovoltaice,Finantari panouri fotovoltaice,Conținut principal,no,no
https://atelierdeconsultanta.ro/fondul-modernizare-energie-regenerabila-2026,https://atelierdeconsultanta.ro/finantari-panouri-fotovoltaice,Finantari panouri fotovoltaice,Conținut principal,no,no
https://atelierdeconsultanta.ro/ghiduri,https://atelierdeconsultanta.ro/finantari-panouri-fotovoltaice,fotovoltaice,Pe scurt,no,no
https://atelierdeconsultanta.ro/pro-infra,https://atelierdeconsultanta.ro/finantari-panouri-fotovoltaice,Finantari panouri fotovoltaice,Conținut principal,yes,no
https://atelierdeconsultanta.ro/cat-costa-consultanta-fonduri-europene,https://atelierdeconsultanta.ro/firma-consultanta-fonduri-europene,Firmă Consultanță Fonduri Europene,Conținut principal,no,no
https://atelierdeconsultanta.ro/consultanta-fonduri-europene,https://atelierdeconsultanta.ro/firma-consultanta-fonduri-europene,Firmă Consultanță Fonduri Europene,Conținut principal,no,no
https://atelierdeconsultanta.ro/cum-alegi-consultant-fonduri-europene,https://atelierdeconsultanta.ro/firma-consultanta-fonduri-europene,Firmă Consultanță Fonduri Europene,Conținut principal,no,no
https://atelierdeconsultanta.ro/,https://atelierdeconsultanta.ro/fondul-de-modernizare,Detalii program,Fondul de Modernizare,no,no
https://atelierdeconsultanta.ro/,https://atelierdeconsultanta.ro/fondul-de-modernizare,Fondul de Modernizare,Programe și surse de finanțare,no,no
https://atelierdeconsultanta.ro/afir-autoconsum-agroalimentar,https://atelierdeconsultanta.ro/fondul-de-modernizare,Fondul de Modernizare,Conținut principal,yes,no
https://atelierdeconsultanta.ro/afir-autoconsum-agroalimentar,https://atelierdeconsultanta.ro/fondul-de-modernizare,hubul Fondul pentru Modernizare,Fondul pentru Modernizare și finanțări fotovoltaice,yes,no
https://atelierdeconsultanta.ro/autoconsum-public-fotovoltaice-institutii-publice,https://atelierdeconsultanta.ro/fondul-de-modernizare,Fondul de Modernizare,Conținut principal,no,no
https://atelierdeconsultanta.ro/autoconsum-public-fotovoltaice-institutii-publice,https://atelierdeconsultanta.ro/fondul-de-modernizare,Fondul de Modernizare,Conținut principal,no,no
https://atelierdeconsultanta.ro/consultanta-fonduri-europene,https://atelierdeconsultanta.ro/fondul-de-modernizare,Fondul de Modernizare,Conținut principal,no,no
https://atelierdeconsultanta.ro/e-move,https://atelierdeconsultanta.ro/fondul-de-modernizare,Fondul de Modernizare,Conținut principal,no,no
https://atelierdeconsultanta.ro/finantari-panouri-fotovoltaice,https://atelierdeconsultanta.ro/fondul-de-modernizare,Fondul de Modernizare,Conținut principal,no,no
https://atelierdeconsultanta.ro/fondul-de-modernizare-finantari-energie-fotovoltaice-autoconsum,https://atelierdeconsultanta.ro/fondul-de-modernizare,Fondul de Modernizare,Conținut principal,no,no
https://atelierdeconsultanta.ro/fondul-de-modernizare-finantari-energie-fotovoltaice-autoconsum,https://atelierdeconsultanta.ro/fondul-de-modernizare,Hub Fondul de Modernizare,Conținut principal,no,no
https://atelierdeconsultanta.ro/fondul-modernizare-energie-regenerabila-2026,https://atelierdeconsultanta.ro/fondul-de-modernizare,Fondul de Modernizare,Conținut principal,no,no
https://atelierdeconsultanta.ro/fonduri-europene,https://atelierdeconsultanta.ro/fondul-de-modernizare,Fondul de Modernizare,Fonduri pentru energie,no,no
https://atelierdeconsultanta.ro/fonduri-europene,https://atelierdeconsultanta.ro/fondul-de-modernizare,Fondul de Modernizare,Conținut principal,no,no
https://atelierdeconsultanta.ro/fonduri-europene-nord-est,https://atelierdeconsultanta.ro/fondul-de-modernizare,Energie,Raspuns scurt,no,no
https://atelierdeconsultanta.ro/ghiduri,https://atelierdeconsultanta.ro/fondul-de-modernizare,Fondul de Modernizare,Pe scurt,no,no
https://atelierdeconsultanta.ro/pro-infra,https://atelierdeconsultanta.ro/fondul-de-modernizare,Fondul de Modernizare,Conținut principal,yes,no
https://atelierdeconsultanta.ro/resurse-utile,https://atelierdeconsultanta.ro/fondul-de-modernizare,Fondul pentru Modernizare,Ministerul Energiei și Fondul pentru Modernizare,no,no
https://atelierdeconsultanta.ro/afir-autoconsum-agroalimentar,https://atelierdeconsultanta.ro/fondul-de-modernizare-finantari-energie-fotovoltaice-autoconsum,Fondul De Modernizare Finantari Energie Fotovoltaice Autoconsum,Conținut principal,yes,no
https://atelierdeconsultanta.ro/afir-autoconsum-agroalimentar,https://atelierdeconsultanta.ro/fondul-de-modernizare-finantari-energie-fotovoltaice-autoconsum,fotovoltaice și autoconsum,Fondul pentru Modernizare și finanțări fotovoltaice,yes,no
https://atelierdeconsultanta.ro/autoconsum-public-fotovoltaice-institutii-publice,https://atelierdeconsultanta.ro/fondul-de-modernizare-finantari-energie-fotovoltaice-autoconsum,Fondul De Modernizare Finantari Energie Fotovoltaice Autoconsum,Conținut principal,no,no
https://atelierdeconsultanta.ro/fondul-de-modernizare,https://atelierdeconsultanta.ro/fondul-de-modernizare-finantari-energie-fotovoltaice-autoconsum,Fondul De Modernizare Finantari Energie Fotovoltaice Autoconsum,Conținut principal,no,no
https://atelierdeconsultanta.ro/fondul-de-modernizare,https://atelierdeconsultanta.ro/fondul-de-modernizare-finantari-energie-fotovoltaice-autoconsum,Fotovoltaice și autoconsum,Conținut principal,no,no
https://atelierdeconsultanta.ro/fondul-modernizare-energie-regenerabila-2026,https://atelierdeconsultanta.ro/fondul-de-modernizare-finantari-energie-fotovoltaice-autoconsum,Fondul De Modernizare Finantari Energie Fotovoltaice Autoconsum,Conținut principal,no,no
https://atelierdeconsultanta.ro/autoconsum-public-fotovoltaice-institutii-publice,https://atelierdeconsultanta.ro/fondul-modernizare-energie-regenerabila-2026,Energie regenerabilă 2026,Conținut principal,no,no
https://atelierdeconsultanta.ro/e-move,https://atelierdeconsultanta.ro/fondul-modernizare-energie-regenerabila-2026,Energie regenerabilă 2026,Conținut principal,no,no
https://atelierdeconsultanta.ro/finantari-panouri-fotovoltaice,https://atelierdeconsultanta.ro/fondul-modernizare-energie-regenerabila-2026,Energie regenerabilă 2026,Conținut principal,no,no
https://atelierdeconsultanta.ro/fondul-de-modernizare,https://atelierdeconsultanta.ro/fondul-modernizare-energie-regenerabila-2026,Energie regenerabilă 2026,Conținut principal,no,no
https://atelierdeconsultanta.ro/fondul-de-modernizare,https://atelierdeconsultanta.ro/fondul-modernizare-energie-regenerabila-2026,Energie regenerabilă 2026,Conținut principal,no,no
https://atelierdeconsultanta.ro/fondul-de-modernizare-finantari-energie-fotovoltaice-autoconsum,https://atelierdeconsultanta.ro/fondul-modernizare-energie-regenerabila-2026,Energie regenerabilă 2026,Conținut principal,no,no
https://atelierdeconsultanta.ro/fondul-de-modernizare-finantari-energie-fotovoltaice-autoconsum,https://atelierdeconsultanta.ro/fondul-modernizare-energie-regenerabila-2026,Energie regenerabilă 2026,Conținut principal,no,no
https://atelierdeconsultanta.ro/pro-infra,https://atelierdeconsultanta.ro/fondul-modernizare-energie-regenerabila-2026,Energie regenerabilă 2026,Conținut principal,yes,no
https://atelierdeconsultanta.ro/,https://atelierdeconsultanta.ro/fonduri-europene,Fonduri europene,Programe și surse de finanțare,no,no
https://atelierdeconsultanta.ro/,https://atelierdeconsultanta.ro/fonduri-europene,"Programe relevanteHub central pentru programe, eligibilitate, ghiduri și resurse utile.",Resurse utile,no,no
https://atelierdeconsultanta.ro/,https://atelierdeconsultanta.ro/fonduri-europene,Vezi toate programele →,Consultanță și proiectare pentru proiecte cu fonduri europene,no,no
https://atelierdeconsultanta.ro/apeluri-gal,https://atelierdeconsultanta.ro/fonduri-europene,Fonduri europene,Conținut principal,no,no
https://atelierdeconsultanta.ro/blog,https://atelierdeconsultanta.ro/fonduri-europene,"Fonduri europeneHub central pentru programe, eligibilitate, ghiduri și resurse utile.",Vezi și,no,no
https://atelierdeconsultanta.ro/cat-costa-consultanta-fonduri-europene,https://atelierdeconsultanta.ro/fonduri-europene,Fonduri europene,Conținut principal,no,no
https://atelierdeconsultanta.ro/cod-caen-start-up-nation-2026,https://atelierdeconsultanta.ro/fonduri-europene,Fonduri europene pentru IMM-uri și antreprenori,Conținut principal,no,no
https://atelierdeconsultanta.ro/consultant-fonduri-europene-imm,https://atelierdeconsultanta.ro/fonduri-europene,Fonduri europene,Conținut principal,no,no
https://atelierdeconsultanta.ro/consultanta-afir,https://atelierdeconsultanta.ro/fonduri-europene,Fonduri europene,Conținut principal,no,no
https://atelierdeconsultanta.ro/consultanta-fonduri-europene,https://atelierdeconsultanta.ro/fonduri-europene,Fonduri europene,Conținut principal,no,no
https://atelierdeconsultanta.ro/consultanta-fonduri-europene-bucuresti,https://atelierdeconsultanta.ro/fonduri-europene,Fonduri europene,Conținut principal,no,no
https://atelierdeconsultanta.ro/consultanta-pnrr-digitalizare,https://atelierdeconsultanta.ro/fonduri-europene,Fonduri europene,Conținut principal,no,no
https://atelierdeconsultanta.ro/consultanta-start-up-nation-2026,https://atelierdeconsultanta.ro/fonduri-europene,Fonduri europene,Conținut principal,no,no
https://atelierdeconsultanta.ro/contact,https://atelierdeconsultanta.ro/fonduri-europene,"Fonduri europeneHub central pentru programe, eligibilitate, ghiduri și resurse utile.",Vezi și,no,no
https://atelierdeconsultanta.ro/cum-alegi-consultant-fonduri-europene,https://atelierdeconsultanta.ro/fonduri-europene,Fonduri europene,Conținut principal,no,no
https://atelierdeconsultanta.ro/dr-12-afir-instalarea-tinerilor-fermieri,https://atelierdeconsultanta.ro/fonduri-europene,"Fonduri europeneHub central pentru programe, eligibilitate, ghiduri și resurse utile.",Vezi și,no,no
https://atelierdeconsultanta.ro/dr-14-afir-conditii-eligibilitate-greseli-frecvente,https://atelierdeconsultanta.ro/fonduri-europene,"Fonduri europeneHub central pentru programe, eligibilitate, ghiduri și resurse utile.",Vezi și,no,no
https://atelierdeconsultanta.ro/firma-consultanta-fonduri-europene,https://atelierdeconsultanta.ro/fonduri-europene,Fonduri europene,Conținut principal,no,no
https://atelierdeconsultanta.ro/fonduri-europene-bucuresti,https://atelierdeconsultanta.ro/fonduri-europene,Fonduri europene,Conținut principal,no,no
https://atelierdeconsultanta.ro/fonduri-nerambursabile,https://atelierdeconsultanta.ro/fonduri-europene,Fonduri europene,Conținut principal,no,no
https://atelierdeconsultanta.ro/fonduri-nerambursabile,https://atelierdeconsultanta.ro/fonduri-europene,Hub Fonduri europene,Conținut principal,no,no
https://atelierdeconsultanta.ro/fonduri-regionale,https://atelierdeconsultanta.ro/fonduri-europene,Fonduri europene,Conținut principal,no,no
https://atelierdeconsultanta.ro/glosar-fonduri-europene,https://atelierdeconsultanta.ro/fonduri-europene,Vezi programe,Nu esti sigur cum se aplica un termen proiectului tau?,no,no
https://atelierdeconsultanta.ro/idei-afaceri-fonduri-europene,https://atelierdeconsultanta.ro/fonduri-europene,"Fonduri europeneHub central pentru programe, eligibilitate, ghiduri și resurse utile.",Vezi și,no,no
https://atelierdeconsultanta.ro/intrebari-frecvente,https://atelierdeconsultanta.ro/fonduri-europene,Fonduri europene,Conținut principal,no,no
https://atelierdeconsultanta.ro/pnrr-digitalizare-imm-cheltuieli-eligibile,https://atelierdeconsultanta.ro/fonduri-europene,"Fonduri europeneHub central pentru programe, eligibilitate, ghiduri și resurse utile.",Vezi și,no,no
https://atelierdeconsultanta.ro/pro-infra,https://atelierdeconsultanta.ro/fonduri-europene,Fonduri europene,Conținut principal,yes,no
https://atelierdeconsultanta.ro/programul-tranzitie-justa-intrebari-documente,https://atelierdeconsultanta.ro/fonduri-europene,fonduri europene,Întrebări,no,no
https://atelierdeconsultanta.ro/programul-tranzitie-justa-intrebari-documente,https://atelierdeconsultanta.ro/fonduri-europene,Fonduri europene,Conținut principal,no,no
https://atelierdeconsultanta.ro/start-up-nation-2026,https://atelierdeconsultanta.ro/fonduri-europene,Fonduri europene pentru IMM-uri și antreprenori,Conținut principal,no,no
https://atelierdeconsultanta.ro/start-up-nation-2026-cheltuieli-eligibile,https://atelierdeconsultanta.ro/fonduri-europene,Fonduri europene pentru IMM-uri și antreprenori,Conținut principal,no,no
https://atelierdeconsultanta.ro/start-up-nation-2026-conditii,https://atelierdeconsultanta.ro/fonduri-europene,Fonduri europene pentru IMM-uri și antreprenori,Conținut principal,no,no
https://atelierdeconsultanta.ro/start-up-nation-2026-idei-afaceri,https://atelierdeconsultanta.ro/fonduri-europene,Fonduri europene pentru IMM-uri și antreprenori,Conținut principal,no,no
https://atelierdeconsultanta.ro/studii-de-caz-fonduri-europene,https://atelierdeconsultanta.ro/fonduri-europene,Hub fonduri europene,Conținut principal,no,no
https://atelierdeconsultanta.ro/studii-de-caz-fonduri-europene,https://atelierdeconsultanta.ro/fonduri-europene,"Programe relevanteHub central pentru programe, eligibilitate, ghiduri și resurse utile.",Vezi și,no,no
https://atelierdeconsultanta.ro/surse-oficiale-fonduri-europene,https://atelierdeconsultanta.ro/fonduri-europene,Fonduri europene,Conținut principal,no,no
https://atelierdeconsultanta.ro/,https://atelierdeconsultanta.ro/fonduri-europene-agricultura,"Fonduri agriculturaAFIR, ferme, utilaje agricole, tineri fermieri și verificări înainte de depunere.",Resurse utile,no,no
https://atelierdeconsultanta.ro/afir-autoconsum-agroalimentar,https://atelierdeconsultanta.ro/fonduri-europene-agricultura,Fonduri europene agricultura,Conținut principal,yes,no
https://atelierdeconsultanta.ro/consultanta-afir,https://atelierdeconsultanta.ro/fonduri-europene-agricultura,Fonduri europene agricultura,Conținut principal,no,no
https://atelierdeconsultanta.ro/consultanta-fonduri-europene,https://atelierdeconsultanta.ro/fonduri-europene-agricultura,Fonduri europene agricultura,Conținut principal,no,no
https://atelierdeconsultanta.ro/consultanta-fonduri-europene,https://atelierdeconsultanta.ro/fonduri-europene-agricultura,Fonduri europene agricultură,Conținut principal,no,no
https://atelierdeconsultanta.ro/dr12-afir,https://atelierdeconsultanta.ro/fonduri-europene-agricultura,Fonduri europene agricultura,Conținut principal,yes,no
https://atelierdeconsultanta.ro/fonduri-europene,https://atelierdeconsultanta.ro/fonduri-europene-agricultura,Fonduri europene agricultura,Conținut principal,no,no
https://atelierdeconsultanta.ro/fonduri-europene,https://atelierdeconsultanta.ro/fonduri-europene-agricultura,ghidul pentru agricultură,Fonduri pentru ferme și activități agricole,no,no
https://atelierdeconsultanta.ro/gal-afir,https://atelierdeconsultanta.ro/fonduri-europene-agricultura,Fonduri europene agricultura,Conținut principal,no,no
https://atelierdeconsultanta.ro/studii-de-caz-fonduri-europene,https://atelierdeconsultanta.ro/fonduri-europene-agricultura,Fonduri europene agricultura,Conținut principal,no,no
https://atelierdeconsultanta.ro/,https://atelierdeconsultanta.ro/fonduri-europene-bucuresti,Fonduri europene BucureștiPagina locală pentru proiecte din București și București-Ilfov.,Resurse utile,no,no
https://atelierdeconsultanta.ro/consultanta-fonduri-europene-bucuresti,https://atelierdeconsultanta.ro/fonduri-europene-bucuresti,Fonduri Europene București,Conținut principal,no,no
https://atelierdeconsultanta.ro/fonduri-regionale,https://atelierdeconsultanta.ro/fonduri-europene-bucuresti,Fonduri europene București,București-Ilfov,no,no
https://atelierdeconsultanta.ro/,https://atelierdeconsultanta.ro/fonduri-europene-digitalizare,"Digitalizare și PNRRResurse pentru proiecte de digitalizare, software, cloud, securitate și granturi IMM.",Resurse utile,no,no
https://atelierdeconsultanta.ro/digitalizare-imm,https://atelierdeconsultanta.ro/fonduri-europene-digitalizare,Fonduri europene digitalizare,Conținut principal,no,no
https://atelierdeconsultanta.ro/digitalizare-imm-pnrr,https://atelierdeconsultanta.ro/fonduri-europene-digitalizare,Fonduri europene digitalizare,Conținut principal,no,no
https://atelierdeconsultanta.ro/e-move,https://atelierdeconsultanta.ro/fonduri-europene-digitalizare,Fonduri europene digitalizare,Conținut principal,no,no
https://atelierdeconsultanta.ro/eligibilitate-pocidif-21,https://atelierdeconsultanta.ro/fonduri-europene-digitalizare,Fonduri europene pentru digitalizare,Conținut principal,no,no
https://atelierdeconsultanta.ro/fonduri-europene,https://atelierdeconsultanta.ro/fonduri-europene-digitalizare,Fonduri europene digitalizare,Conținut principal,no,no
https://atelierdeconsultanta.ro/fonduri-europene-nord-est,https://atelierdeconsultanta.ro/fonduri-europene-digitalizare,Digitalizare,Raspuns scurt,no,no
https://atelierdeconsultanta.ro/granturi-digitalizare-imm,https://atelierdeconsultanta.ro/fonduri-europene-digitalizare,Fonduri europene digitalizare,Conținut principal,no,no
https://atelierdeconsultanta.ro/intrebari/ce-cheltuieli-sunt-eligibile-la-digitalizare-imm,https://atelierdeconsultanta.ro/fonduri-europene-digitalizare,Fonduri europene digitalizare,Conținut principal,no,no
https://atelierdeconsultanta.ro/pnrr,https://atelierdeconsultanta.ro/fonduri-europene-digitalizare,Fonduri europene digitalizare,Conținut principal,no,no
https://atelierdeconsultanta.ro/pocidif-21,https://atelierdeconsultanta.ro/fonduri-europene-digitalizare,Fonduri europene digitalizare,Conținut principal,yes,no
https://atelierdeconsultanta.ro/femeia-antreprenor-2026,https://atelierdeconsultanta.ro/fonduri-europene-femei-antreprenor,Fonduri pentru femei antreprenor,Conținut principal,no,no
https://atelierdeconsultanta.ro/femeia-antreprenor-2026,https://atelierdeconsultanta.ro/fonduri-europene-femei-antreprenor,Hub fonduri pentru femei antreprenor,Conținut principal,no,no
https://atelierdeconsultanta.ro/femeia-antreprenor-2026-conditii-idei-afaceri,https://atelierdeconsultanta.ro/fonduri-europene-femei-antreprenor,"Fonduri pentru femei antreprenorHub general pentru programul dedicat, fonduri IMM și verificarea opțiunilor.",Vezi și,no,no
https://atelierdeconsultanta.ro/femeia-antreprenor-2026-conditii-idei-afaceri,https://atelierdeconsultanta.ro/fonduri-europene-femei-antreprenor,hubul pentru femei antreprenor,Ce înseamnă o idee finanțabilă,no,no
https://atelierdeconsultanta.ro/,https://atelierdeconsultanta.ro/fonduri-europene-imm,"Fonduri europene IMMInvestiții, digitalizare, energie și programe regionale pentru firme mici și mijlocii.",Resurse utile,no,no
https://atelierdeconsultanta.ro/consultant-fonduri-europene-imm,https://atelierdeconsultanta.ro/fonduri-europene-imm,Fonduri europene IMM,Conținut principal,no,no
https://atelierdeconsultanta.ro/consultant-fonduri-europene-imm,https://atelierdeconsultanta.ro/fonduri-europene-imm,Fonduri europene IMM,Conținut principal,no,no
https://atelierdeconsultanta.ro/consultanta-fonduri-europene-bucuresti,https://atelierdeconsultanta.ro/fonduri-europene-imm,Fonduri europene IMM,Conținut principal,no,no
https://atelierdeconsultanta.ro/femeia-antreprenor-2026,https://atelierdeconsultanta.ro/fonduri-europene-imm,Fonduri europene IMM,Conținut principal,no,no
https://atelierdeconsultanta.ro/femeia-antreprenor-2026-conditii-idei-afaceri,https://atelierdeconsultanta.ro/fonduri-europene-imm,Fonduri europene IMMCompara programele pentru IMM-uri înainte de a alege ruta de finanțare.,Vezi și,no,no
https://atelierdeconsultanta.ro/femeia-antreprenor-2026-conditii-idei-afaceri,https://atelierdeconsultanta.ro/fonduri-europene-imm,fondurile europene pentru IMM,Ce înseamnă o idee finanțabilă,no,no
https://atelierdeconsultanta.ro/fonduri-europene,https://atelierdeconsultanta.ro/fonduri-europene-imm,Fonduri europene IMM,Conținut principal,no,no
https://atelierdeconsultanta.ro/fonduri-europene,https://atelierdeconsultanta.ro/fonduri-europene-imm,fondurile pentru IMM,Fonduri pentru firme și IMM-uri,no,no
https://atelierdeconsultanta.ro/fonduri-europene-bucuresti,https://atelierdeconsultanta.ro/fonduri-europene-imm,Fonduri europene IMM,Conținut principal,no,no
https://atelierdeconsultanta.ro/fonduri-europene-caen/0111-culturi-cereale,https://atelierdeconsultanta.ro/fonduri-europene-imm,Fonduri europene IMM,Conținut principal,no,no
https://atelierdeconsultanta.ro/fonduri-europene-caen/4321-instalatii-electrice,https://atelierdeconsultanta.ro/fonduri-europene-imm,Fonduri europene IMM,Conținut principal,no,no
https://atelierdeconsultanta.ro/fonduri-europene-caen/5610-restaurante,https://atelierdeconsultanta.ro/fonduri-europene-imm,Fonduri europene IMM,Conținut principal,no,no
https://atelierdeconsultanta.ro/fonduri-europene-caen/6201-dezvoltare-software,https://atelierdeconsultanta.ro/fonduri-europene-imm,Fonduri europene IMM,Conținut principal,no,no
https://atelierdeconsultanta.ro/fonduri-europene-femei-antreprenor,https://atelierdeconsultanta.ro/fonduri-europene-imm,Fonduri europene IMM,Conținut principal,no,no
https://atelierdeconsultanta.ro/fonduri-europene-femei-antreprenor,https://atelierdeconsultanta.ro/fonduri-europene-imm,Fonduri europene IMM,Conținut principal,no,no
https://atelierdeconsultanta.ro/fonduri-europene-nerambursabile-2026,https://atelierdeconsultanta.ro/fonduri-europene-imm,Fonduri europene IMM,Conținut principal,no,no
https://atelierdeconsultanta.ro/fonduri-europene-nord-est,https://atelierdeconsultanta.ro/fonduri-europene-imm,Fonduri europene IMM,Conținut principal,no,no
https://atelierdeconsultanta.ro/fonduri-europene-nord-est,https://atelierdeconsultanta.ro/fonduri-europene-imm,Fonduri IMM,Raspuns scurt,no,no
https://atelierdeconsultanta.ro/ghiduri,https://atelierdeconsultanta.ro/fonduri-europene-imm,fonduri IMM,Pe scurt,no,no
https://atelierdeconsultanta.ro/investitii-modernizarea-microintreprinderilor-apel-2,https://atelierdeconsultanta.ro/fonduri-europene-imm,Fonduri europene IMM,Conținut principal,no,no
https://atelierdeconsultanta.ro/pocidif-21,https://atelierdeconsultanta.ro/fonduri-europene-imm,Fonduri europene IMM,Conținut principal,yes,no
https://atelierdeconsultanta.ro/por-adr-nord-est,https://atelierdeconsultanta.ro/fonduri-europene-imm,Fonduri europene IMM,Conținut principal,yes,no
https://atelierdeconsultanta.ro/pro-infra,https://atelierdeconsultanta.ro/fonduri-europene-imm,Fonduri europene IMM,Conținut principal,yes,no
https://atelierdeconsultanta.ro/programul-tranzitie-justa,https://atelierdeconsultanta.ro/fonduri-europene-imm,fonduri europene IMM,Regiune,no,no
https://atelierdeconsultanta.ro/programul-tranzitie-justa,https://atelierdeconsultanta.ro/fonduri-europene-imm,Fonduri europene IMM,Conținut principal,no,no
https://atelierdeconsultanta.ro/calendar-fonduri-europene,https://atelierdeconsultanta.ro/fonduri-europene-nerambursabile-2026,Fonduri Europene Nerambursabile 2026,Conținut principal,no,no
https://atelierdeconsultanta.ro/consultanta-fonduri-europene,https://atelierdeconsultanta.ro/fonduri-europene-nerambursabile-2026,Fonduri Europene Nerambursabile 2026,Conținut principal,no,no
https://atelierdeconsultanta.ro/eligibilitate-fonduri-europene,https://atelierdeconsultanta.ro/fonduri-europene-nerambursabile-2026,Fonduri Europene Nerambursabile 2026,Conținut principal,no,no
https://atelierdeconsultanta.ro/fonduri-nerambursabile,https://atelierdeconsultanta.ro/fonduri-europene-nerambursabile-2026,Hub anual 2026,Conținut principal,no,no
https://atelierdeconsultanta.ro/gal-afir,https://atelierdeconsultanta.ro/fonduri-europene-nerambursabile-2026,Fonduri Europene Nerambursabile 2026,Conținut principal,no,no
https://atelierdeconsultanta.ro/apeluri-gal,https://atelierdeconsultanta.ro/fonduri-europene-nord-est,Fonduri Europene Nord Est,Conținut principal,no,no
https://atelierdeconsultanta.ro/fonduri-regionale,https://atelierdeconsultanta.ro/fonduri-europene-nord-est,Alege Nord-Est,Beneficiari privați,no,no
https://atelierdeconsultanta.ro/fonduri-regionale,https://atelierdeconsultanta.ro/fonduri-europene-nord-est,Fonduri europene Nord-Est,Nord-Est,no,no
https://atelierdeconsultanta.ro/fonduri-regionale,https://atelierdeconsultanta.ro/fonduri-europene-nord-est,Fonduri europene Nord-Est,Conținut principal,no,no
https://atelierdeconsultanta.ro/fonduri-regionale,https://atelierdeconsultanta.ro/fonduri-europene-nord-est,hub-ul regional Nord-Est,Răspuns rapid,no,no
https://atelierdeconsultanta.ro/investitii-modernizarea-microintreprinderilor-apel-2,https://atelierdeconsultanta.ro/fonduri-europene-nord-est,Fonduri europene Nord-Est,Conținut principal,no,no
https://atelierdeconsultanta.ro/por-adr-nord-est,https://atelierdeconsultanta.ro/fonduri-europene-nord-est,Fonduri Europene Nord Est,Conținut principal,yes,no
https://atelierdeconsultanta.ro/por-adr-nord-est,https://atelierdeconsultanta.ro/fonduri-europene-nord-est,Fonduri europene Nord-Est,"Diferența dintre hub, program și Apelul 2",yes,no
https://atelierdeconsultanta.ro/studii-de-caz-fonduri-europene,https://atelierdeconsultanta.ro/fonduri-europene-nord-est,Fonduri europene Nord-Est,Conținut principal,no,no
https://atelierdeconsultanta.ro/fonduri-europene,https://atelierdeconsultanta.ro/fonduri-nerambursabile,Fonduri nerambursabile,Conținut principal,no,no
https://atelierdeconsultanta.ro/intrebari/cum-se-calculeaza-cofinantarea-la-fonduri-europene,https://atelierdeconsultanta.ro/fonduri-nerambursabile,Fonduri nerambursabile,Conținut principal,no,no
https://atelierdeconsultanta.ro/afir,https://atelierdeconsultanta.ro/fonduri-pentru-ferme,Fonduri pentru ferme,Conținut principal,no,no
https://atelierdeconsultanta.ro/afir,https://atelierdeconsultanta.ro/fonduri-pentru-ferme,Fonduri Pentru Ferme,Conținut principal,no,no
https://atelierdeconsultanta.ro/afir-autoconsum-agroalimentar,https://atelierdeconsultanta.ro/fonduri-pentru-ferme,Fonduri Pentru Ferme,Conținut principal,yes,no
https://atelierdeconsultanta.ro/dr12-afir,https://atelierdeconsultanta.ro/fonduri-pentru-ferme,Fonduri Pentru Ferme,Conținut principal,yes,no
https://atelierdeconsultanta.ro/dr14,https://atelierdeconsultanta.ro/fonduri-pentru-ferme,Fonduri Pentru Ferme,Conținut principal,yes,no
https://atelierdeconsultanta.ro/fonduri-europene-agricultura,https://atelierdeconsultanta.ro/fonduri-pentru-ferme,Fonduri Pentru Ferme,Conținut principal,no,no
https://atelierdeconsultanta.ro/fonduri-pentru-utilaje-agricole,https://atelierdeconsultanta.ro/fonduri-pentru-ferme,Fonduri Pentru Ferme,Conținut principal,no,no
https://atelierdeconsultanta.ro/gal-afir,https://atelierdeconsultanta.ro/fonduri-pentru-ferme,Fonduri Pentru Ferme,Conținut principal,no,no
https://atelierdeconsultanta.ro/afir,https://atelierdeconsultanta.ro/fonduri-pentru-utilaje-agricole,Fonduri pentru utilaje agricole,Solicitant,no,no
https://atelierdeconsultanta.ro/fonduri-europene-agricultura,https://atelierdeconsultanta.ro/fonduri-pentru-utilaje-agricole,Fonduri Pentru Utilaje Agricole,Conținut principal,no,no
https://atelierdeconsultanta.ro/fonduri-pentru-ferme,https://atelierdeconsultanta.ro/fonduri-pentru-utilaje-agricole,Fonduri Pentru Utilaje Agricole,Conținut principal,no,no
https://atelierdeconsultanta.ro/,https://atelierdeconsultanta.ro/fonduri-regionale,"Fonduri regionaleHub pentru programe regionale, localizare, ADR-uri și pagini locale relevante.",Resurse utile,no,no
https://atelierdeconsultanta.ro/,https://atelierdeconsultanta.ro/fonduri-regionale,Programe regionale,Programe și surse de finanțare,no,no
https://atelierdeconsultanta.ro/consultanta-fonduri-europene-bucuresti,https://atelierdeconsultanta.ro/fonduri-regionale,Fonduri regionale,Conținut principal,no,no
https://atelierdeconsultanta.ro/fonduri-europene,https://atelierdeconsultanta.ro/fonduri-regionale,Fonduri regionale,Conținut principal,no,no
https://atelierdeconsultanta.ro/fonduri-europene,https://atelierdeconsultanta.ro/fonduri-regionale,hubul regional,Programe regionale,no,no
https://atelierdeconsultanta.ro/fonduri-europene,https://atelierdeconsultanta.ro/fonduri-regionale,programele regionale,Fonduri pentru firme și IMM-uri,no,no
https://atelierdeconsultanta.ro/fonduri-europene-bucuresti,https://atelierdeconsultanta.ro/fonduri-regionale,Fonduri regionale,Conținut principal,no,no
https://atelierdeconsultanta.ro/fonduri-europene-nord-est,https://atelierdeconsultanta.ro/fonduri-regionale,Fonduri regionale,Conținut principal,no,no
https://atelierdeconsultanta.ro/fonduri-europene-nord-est,https://atelierdeconsultanta.ro/fonduri-regionale,hub-ul programelor regionale și ADR-urilor,Raspuns scurt,no,no
https://atelierdeconsultanta.ro/investitii-modernizarea-microintreprinderilor-apel-2,https://atelierdeconsultanta.ro/fonduri-regionale,Fonduri regionale,Conținut principal,no,no
https://atelierdeconsultanta.ro/por-adr-nord-est,https://atelierdeconsultanta.ro/fonduri-regionale,Fonduri regionale,"Diferența dintre hub, program și Apelul 2",yes,no
https://atelierdeconsultanta.ro/por-adr-nord-est,https://atelierdeconsultanta.ro/fonduri-regionale,Fonduri regionale,Conținut principal,yes,no
https://atelierdeconsultanta.ro/programul-tranzitie-justa,https://atelierdeconsultanta.ro/fonduri-regionale,fonduri regionale,Regiune,no,no
https://atelierdeconsultanta.ro/programul-tranzitie-justa,https://atelierdeconsultanta.ro/fonduri-regionale,Fonduri regionale,Conținut principal,no,no
https://atelierdeconsultanta.ro/programul-tranzitie-justa-intrebari-documente,https://atelierdeconsultanta.ro/fonduri-regionale,fonduri regionale,Întrebări,no,no
https://atelierdeconsultanta.ro/programul-tranzitie-justa-intrebari-documente,https://atelierdeconsultanta.ro/fonduri-regionale,Fonduri regionale,Conținut principal,no,no
https://atelierdeconsultanta.ro/resurse-utile,https://atelierdeconsultanta.ro/fonduri-regionale,hubul programelor regionale,ADR-uri și programe regionale,no,no
https://atelierdeconsultanta.ro/,https://atelierdeconsultanta.ro/gal-afir,Detalii GAL-AFIR,GAL-AFIR / LEADER,no,no
https://atelierdeconsultanta.ro/,https://atelierdeconsultanta.ro/gal-afir,GAL și LEADER,Programe și surse de finanțare,no,no
https://atelierdeconsultanta.ro/acte-necesare-fonduri-europene-nerambursabile,https://atelierdeconsultanta.ro/gal-afir,Gal Afir,Conținut principal,no,no
https://atelierdeconsultanta.ro/afir,https://atelierdeconsultanta.ro/gal-afir,Gal Afir,Conținut principal,no,no
https://atelierdeconsultanta.ro/afir,https://atelierdeconsultanta.ro/gal-afir,GAL-AFIR / LEADER,Solicitant,no,no
https://atelierdeconsultanta.ro/afir,https://atelierdeconsultanta.ro/gal-afir,GAL-AFIR / LEADER,Solicitant,no,no
https://atelierdeconsultanta.ro/afir,https://atelierdeconsultanta.ro/gal-afir,GAL-AFIR / LEADER,Conținut principal,no,no
https://atelierdeconsultanta.ro/apeluri-gal,https://atelierdeconsultanta.ro/gal-afir,Gal Afir,Conținut principal,no,no
https://atelierdeconsultanta.ro/apeluri-gal,https://atelierdeconsultanta.ro/gal-afir,Ghid complet GAL-AFIR,Conținut principal,no,no
https://atelierdeconsultanta.ro/calendar-fonduri-europene,https://atelierdeconsultanta.ro/gal-afir,Gal Afir,Conținut principal,no,no
https://atelierdeconsultanta.ro/consultanta-afir,https://atelierdeconsultanta.ro/gal-afir,Gal Afir,Conținut principal,no,no
https://atelierdeconsultanta.ro/consultanta-fonduri-europene,https://atelierdeconsultanta.ro/gal-afir,Gal Afir,Conținut principal,no,no
https://atelierdeconsultanta.ro/fonduri-europene,https://atelierdeconsultanta.ro/gal-afir,Gal Afir,Conținut principal,no,no
https://atelierdeconsultanta.ro/fonduri-europene,https://atelierdeconsultanta.ro/gal-afir,GAL-AFIR,Conținut principal,no,no
https://atelierdeconsultanta.ro/fonduri-europene,https://atelierdeconsultanta.ro/gal-afir,hubul GAL și LEADER,Proiecte prin GAL,no,no
https://atelierdeconsultanta.ro/fonduri-europene,https://atelierdeconsultanta.ro/gal-afir,proiectele publice prin GAL,Fonduri pentru autorități publice,no,no
https://atelierdeconsultanta.ro/fonduri-europene-nerambursabile-2026,https://atelierdeconsultanta.ro/gal-afir,Gal Afir,Conținut principal,no,no
https://atelierdeconsultanta.ro/ghiduri,https://atelierdeconsultanta.ro/gal-afir,Gal Afir,Conținut principal,no,no
https://atelierdeconsultanta.ro/intrebari-frecvente,https://atelierdeconsultanta.ro/gal-afir,Gal Afir,Conținut principal,no,no
https://atelierdeconsultanta.ro/resurse,https://atelierdeconsultanta.ro/gal-afir,Gal Afir,Conținut principal,no,no
https://atelierdeconsultanta.ro/surse-oficiale-fonduri-europene,https://atelierdeconsultanta.ro/gal-afir,Ghid GAL-AFIR / LEADER,Conținut principal,no,no
https://atelierdeconsultanta.ro/,https://atelierdeconsultanta.ro/gdpr,Politica GDPR,Verificare inițială a proiectului,no,no
https://atelierdeconsultanta.ro/termeni-si-conditii,https://atelierdeconsultanta.ro/gdpr,Politica GDPR,7. Confidențialitate,no,no
https://atelierdeconsultanta.ro/acte-necesare-fonduri-europene-nerambursabile,https://atelierdeconsultanta.ro/ghiduri,Ghiduri,Conținut principal,no,no
https://atelierdeconsultanta.ro/blog,https://atelierdeconsultanta.ro/ghiduri,Ghiduri,De la explicație la verificarea proiectului,no,no
https://atelierdeconsultanta.ro/calendar-fonduri-europene,https://atelierdeconsultanta.ro/ghiduri,Ghiduri,Conținut principal,no,no
https://atelierdeconsultanta.ro/documente-punctaj-pocidif-21,https://atelierdeconsultanta.ro/ghiduri,Ghiduri de finanțare,Conținut principal,no,no
https://atelierdeconsultanta.ro/fonduri-europene,https://atelierdeconsultanta.ro/ghiduri,Ghiduri,Conținut principal,no,no
https://atelierdeconsultanta.ro/fonduri-europene,https://atelierdeconsultanta.ro/ghiduri,Ghiduri,Conținut principal,no,no
https://atelierdeconsultanta.ro/intrebari-frecvente,https://atelierdeconsultanta.ro/ghiduri,Ghiduri,Conținut principal,no,no
https://atelierdeconsultanta.ro/programul-tranzitie-justa,https://atelierdeconsultanta.ro/ghiduri,Ghiduri,Conținut principal,no,no
https://atelierdeconsultanta.ro/programul-tranzitie-justa-intrebari-documente,https://atelierdeconsultanta.ro/ghiduri,Ghiduri,Conținut principal,no,no
https://atelierdeconsultanta.ro/resurse,https://atelierdeconsultanta.ro/ghiduri,Ghiduri,Conținut principal,no,no
https://atelierdeconsultanta.ro/webinarii,https://atelierdeconsultanta.ro/ghiduri,Ghiduri,Conținut principal,no,no
https://atelierdeconsultanta.ro/,https://atelierdeconsultanta.ro/glosar-fonduri-europene,"Glosar fonduri europeneTermeni explicati simplu: eligibilitate, cofinanțare, punctaj, CAEN, IMM și ajutor de stat.",Resurse utile,no,no
https://atelierdeconsultanta.ro/blog,https://atelierdeconsultanta.ro/glosar-fonduri-europene,Glosar fonduri europeneDefinitii scurte pentru termenii folositi în ghiduri și grile de evaluare.,Vezi și,no,no
https://atelierdeconsultanta.ro/consultanta-fonduri-europene,https://atelierdeconsultanta.ro/glosar-fonduri-europene,Glosar fonduri europene,Conținut principal,no,no
https://atelierdeconsultanta.ro/despre-faber,https://atelierdeconsultanta.ro/glosar-fonduri-europene,"GlosarTermeni explicați: eligibilitate, CAEN, cofinanțare, IMM, ajutor de stat.",Resurse pentru verificare,no,no
https://atelierdeconsultanta.ro/metodologie-verificare-eligibilitate,https://atelierdeconsultanta.ro/glosar-fonduri-europene,Clarifica termenii,Ai nevoie de o triere prudentă a proiectului?,no,no
https://atelierdeconsultanta.ro/metodologie-verificare-eligibilitate,https://atelierdeconsultanta.ro/glosar-fonduri-europene,Glosar fonduri europene,Conținut principal,no,no
https://atelierdeconsultanta.ro/resurse-utile,https://atelierdeconsultanta.ro/glosar-fonduri-europene,Glosar fonduri europene,Conținut principal,no,no
https://atelierdeconsultanta.ro/surse-oficiale-fonduri-europene,https://atelierdeconsultanta.ro/glosar-fonduri-europene,Glosar fonduri europene,Conținut principal,no,no
https://atelierdeconsultanta.ro/consultanta-pnrr-digitalizare,https://atelierdeconsultanta.ro/granturi-digitalizare-imm,Granturi Digitalizare Imm,Conținut principal,no,no
https://atelierdeconsultanta.ro/digitalizare-imm-pnrr,https://atelierdeconsultanta.ro/granturi-digitalizare-imm,Granturi Digitalizare Imm,Conținut principal,no,no
https://atelierdeconsultanta.ro/fonduri-europene-digitalizare,https://atelierdeconsultanta.ro/granturi-digitalizare-imm,Granturi Digitalizare Imm,Conținut principal,no,no
https://atelierdeconsultanta.ro/digitalizare-imm,https://atelierdeconsultanta.ro/instrumente,Instrumente,Conținut principal,no,no
https://atelierdeconsultanta.ro/eligibilitate-fonduri-europene,https://atelierdeconsultanta.ro/instrumente,Instrumente,Conținut principal,no,no
https://atelierdeconsultanta.ro/femeia-antreprenor-2026,https://atelierdeconsultanta.ro/instrumente,Instrumente,Conținut principal,no,no
https://atelierdeconsultanta.ro/fondul-de-modernizare-finantari-energie-fotovoltaice-autoconsum,https://atelierdeconsultanta.ro/instrumente,Instrumente,Conținut principal,no,no
https://atelierdeconsultanta.ro/fonduri-europene,https://atelierdeconsultanta.ro/instrumente,Instrumente,Conținut principal,no,no
https://atelierdeconsultanta.ro/fonduri-europene-caen/0111-culturi-cereale,https://atelierdeconsultanta.ro/instrumente,Instrumente,Conținut principal,no,no
https://atelierdeconsultanta.ro/fonduri-europene-caen/4321-instalatii-electrice,https://atelierdeconsultanta.ro/instrumente,Instrumente,Conținut principal,no,no
https://atelierdeconsultanta.ro/fonduri-europene-caen/5610-restaurante,https://atelierdeconsultanta.ro/instrumente,Instrumente,Conținut principal,no,no
https://atelierdeconsultanta.ro/fonduri-europene-caen/6201-dezvoltare-software,https://atelierdeconsultanta.ro/instrumente,Instrumente,Conținut principal,no,no
https://atelierdeconsultanta.ro/fonduri-europene-digitalizare,https://atelierdeconsultanta.ro/instrumente,Instrumente,Conținut principal,no,no
https://atelierdeconsultanta.ro/fonduri-europene-imm,https://atelierdeconsultanta.ro/instrumente,Instrumente,Conținut principal,no,no
https://atelierdeconsultanta.ro/fonduri-nerambursabile,https://atelierdeconsultanta.ro/instrumente,Instrumente,Conținut principal,no,no
https://atelierdeconsultanta.ro/ghiduri,https://atelierdeconsultanta.ro/instrumente,Instrumente,Pe scurt,no,no
https://atelierdeconsultanta.ro/ghiduri,https://atelierdeconsultanta.ro/instrumente,Instrumente,Conținut principal,no,no
https://atelierdeconsultanta.ro/ghiduri,https://atelierdeconsultanta.ro/instrumente,Instrumente,Conținut principal,no,no
https://atelierdeconsultanta.ro/intrebari/ce-cheltuieli-sunt-eligibile-la-digitalizare-imm,https://atelierdeconsultanta.ro/instrumente,Instrumente,Conținut principal,no,no
https://atelierdeconsultanta.ro/intrebari/cum-se-calculeaza-cofinantarea-la-fonduri-europene,https://atelierdeconsultanta.ro/instrumente,Instrumente,Conținut principal,no,no
https://atelierdeconsultanta.ro/pnrr,https://atelierdeconsultanta.ro/instrumente,Instrumente,Conținut principal,no,no
https://atelierdeconsultanta.ro/por-adr-nord-est,https://atelierdeconsultanta.ro/instrumente,Instrumente,Conținut principal,yes,no
https://atelierdeconsultanta.ro/resurse,https://atelierdeconsultanta.ro/instrumente,Instrumente,Conținut principal,no,no
https://atelierdeconsultanta.ro/resurse-utile,https://atelierdeconsultanta.ro/instrumente,Instrumente pentru proiect,Conținut principal,no,no
https://atelierdeconsultanta.ro/verificare-eligibilitate-fonduri-europene,https://atelierdeconsultanta.ro/instrumente,Instrumente,Conținut principal,no,no
https://atelierdeconsultanta.ro/,https://atelierdeconsultanta.ro/investitii-modernizarea-microintreprinderilor-apel-2,Microîntreprinderi Nord-EstApel regional,Consultanță și proiectare pentru proiecte cu fonduri europene,no,no
https://atelierdeconsultanta.ro/consultant-fonduri-europene-imm,https://atelierdeconsultanta.ro/investitii-modernizarea-microintreprinderilor-apel-2,Investiții Modernizarea Microintreprinderilor Apel 2,Conținut principal,no,no
https://atelierdeconsultanta.ro/consultant-fonduri-europene-imm,https://atelierdeconsultanta.ro/investitii-modernizarea-microintreprinderilor-apel-2,Microîntreprinderi Apel 2,Conținut principal,no,no
https://atelierdeconsultanta.ro/fonduri-europene-imm,https://atelierdeconsultanta.ro/investitii-modernizarea-microintreprinderilor-apel-2,Investiții Modernizarea Microintreprinderilor Apel 2,Conținut principal,no,no
https://atelierdeconsultanta.ro/fonduri-europene-nord-est,https://atelierdeconsultanta.ro/investitii-modernizarea-microintreprinderilor-apel-2,Investiții Modernizarea Microintreprinderilor Apel 2,Conținut principal,no,no
https://atelierdeconsultanta.ro/fonduri-europene-nord-est,https://atelierdeconsultanta.ro/investitii-modernizarea-microintreprinderilor-apel-2,Investiții pentru modernizarea microîntreprinderilor – Apel 2,Raspuns scurt,no,no
https://atelierdeconsultanta.ro/fonduri-regionale,https://atelierdeconsultanta.ro/investitii-modernizarea-microintreprinderilor-apel-2,Investiții pentru modernizarea microîntreprinderilor – Apel 2,Răspuns rapid,no,no
https://atelierdeconsultanta.ro/fonduri-regionale,https://atelierdeconsultanta.ro/investitii-modernizarea-microintreprinderilor-apel-2,Modernizarea microîntreprinderilor - Apel 2,Nord-Est,no,no
https://atelierdeconsultanta.ro/por-adr-nord-est,https://atelierdeconsultanta.ro/investitii-modernizarea-microintreprinderilor-apel-2,Investiții Modernizarea Microintreprinderilor Apel 2,Conținut principal,yes,no
https://atelierdeconsultanta.ro/por-adr-nord-est,https://atelierdeconsultanta.ro/investitii-modernizarea-microintreprinderilor-apel-2,Investiții pentru modernizarea microîntreprinderilor – Apel 2,"Diferența dintre hub, program și Apelul 2",yes,no
https://atelierdeconsultanta.ro/por-adr-nord-est,https://atelierdeconsultanta.ro/investitii-modernizarea-microintreprinderilor-apel-2,Vezi pagina detaliată pentru Apelul 2,"Diferența dintre hub, program și Apelul 2",yes,no
https://atelierdeconsultanta.ro/,https://atelierdeconsultanta.ro/management-proiecte-fonduri-europene,Management proiecte cu fonduri europene,Servicii pentru pregătirea proiectului,no,no
https://atelierdeconsultanta.ro/consultanta-fonduri-europene,https://atelierdeconsultanta.ro/management-proiecte-fonduri-europene,Management proiecte,Conținut principal,no,no
https://atelierdeconsultanta.ro/plan-de-afaceri-fonduri-europene,https://atelierdeconsultanta.ro/management-proiecte-fonduri-europene,management proiecte fonduri europene,Conținut principal,no,no
https://atelierdeconsultanta.ro/proiectare-fonduri-europene,https://atelierdeconsultanta.ro/management-proiecte-fonduri-europene,management proiecte fonduri europene,Conținut principal,no,no
https://atelierdeconsultanta.ro/studiu-fezabilitate-fonduri-europene,https://atelierdeconsultanta.ro/management-proiecte-fonduri-europene,management proiecte fonduri europene,Conținut principal,no,no
https://atelierdeconsultanta.ro/,https://atelierdeconsultanta.ro/metodologie-verificare-eligibilitate,metodologia FABER de verificare a eligibilității,"Metodă clară, concluzii prudente",no,no
https://atelierdeconsultanta.ro/,https://atelierdeconsultanta.ro/metodologie-verificare-eligibilitate,"Metodologie eligibilitateCum verificam CAEN, documente, cofinanțare, punctaj și riscuri înainte de recomandare.",Resurse utile,no,no
https://atelierdeconsultanta.ro/,https://atelierdeconsultanta.ro/metodologie-verificare-eligibilitate,Vezi metodologia,Verificare inițială a proiectului,no,no
https://atelierdeconsultanta.ro/,https://atelierdeconsultanta.ro/metodologie-verificare-eligibilitate,Vezi metodologia,Verificare inițială a proiectului,no,no
https://atelierdeconsultanta.ro/blog,https://atelierdeconsultanta.ro/metodologie-verificare-eligibilitate,"Metodologie eligibilitateCum verificam solicitantul, CAEN-ul, punctajul, cofinanțarea și riscurile.",Vezi și,no,no
https://atelierdeconsultanta.ro/cat-costa-consultanta-fonduri-europene,https://atelierdeconsultanta.ro/metodologie-verificare-eligibilitate,Metodologie eligibilitate,Conținut principal,no,no
https://atelierdeconsultanta.ro/consultant-fonduri-europene-imm,https://atelierdeconsultanta.ro/metodologie-verificare-eligibilitate,Metodologie eligibilitate,Conținut principal,no,no
https://atelierdeconsultanta.ro/consultanta-afir,https://atelierdeconsultanta.ro/metodologie-verificare-eligibilitate,Metodologie eligibilitate,Conținut principal,no,no
https://atelierdeconsultanta.ro/consultanta-fonduri-europene,https://atelierdeconsultanta.ro/metodologie-verificare-eligibilitate,Metodologia FABER,Conținut principal,no,no
https://atelierdeconsultanta.ro/consultanta-fonduri-europene,https://atelierdeconsultanta.ro/metodologie-verificare-eligibilitate,Metodologie eligibilitate,Conținut principal,no,no
https://atelierdeconsultanta.ro/consultanta-fonduri-europene-bucuresti,https://atelierdeconsultanta.ro/metodologie-verificare-eligibilitate,Metodologie eligibilitate,Conținut principal,no,no
https://atelierdeconsultanta.ro/consultanta-pnrr-digitalizare,https://atelierdeconsultanta.ro/metodologie-verificare-eligibilitate,Metodologie eligibilitate,Conținut principal,no,no
https://atelierdeconsultanta.ro/consultanta-start-up-nation-2026,https://atelierdeconsultanta.ro/metodologie-verificare-eligibilitate,Metodologie eligibilitate,Conținut principal,no,no
https://atelierdeconsultanta.ro/contact,https://atelierdeconsultanta.ro/metodologie-verificare-eligibilitate,metodologia de verificare,Când trimiți direct proiectul,no,no
https://atelierdeconsultanta.ro/contact,https://atelierdeconsultanta.ro/metodologie-verificare-eligibilitate,Vezi metodologia,Trimite detaliile proiectului,no,no
https://atelierdeconsultanta.ro/cum-alegi-consultant-fonduri-europene,https://atelierdeconsultanta.ro/metodologie-verificare-eligibilitate,Metodologie eligibilitate,Conținut principal,no,no
https://atelierdeconsultanta.ro/despre-faber,https://atelierdeconsultanta.ro/metodologie-verificare-eligibilitate,metodologia FABER de verificare a eligibilității,"E-E-A-T: experienta, metoda și limite",no,no
https://atelierdeconsultanta.ro/despre-faber,https://atelierdeconsultanta.ro/metodologie-verificare-eligibilitate,Metodologia FABERCum se verifică eligibilitatea înainte de recomandarea unui program.,Resurse pentru verificare,no,no
https://atelierdeconsultanta.ro/eligibilitate-fonduri-europene,https://atelierdeconsultanta.ro/metodologie-verificare-eligibilitate,Metodologie eligibilitate,Conținut principal,no,no
https://atelierdeconsultanta.ro/firma-consultanta-fonduri-europene,https://atelierdeconsultanta.ro/metodologie-verificare-eligibilitate,Metodologie eligibilitate,Conținut principal,no,no
https://atelierdeconsultanta.ro/ghiduri,https://atelierdeconsultanta.ro/metodologie-verificare-eligibilitate,Metodologie,Conținut principal,no,no
https://atelierdeconsultanta.ro/glosar-fonduri-europene,https://atelierdeconsultanta.ro/metodologie-verificare-eligibilitate,metodologie verificare,Termeni explicati,no,no
https://atelierdeconsultanta.ro/glosar-fonduri-europene,https://atelierdeconsultanta.ro/metodologie-verificare-eligibilitate,Metodologie verificare eligibilitate,Conținut principal,no,no
https://atelierdeconsultanta.ro/management-proiecte-fonduri-europene,https://atelierdeconsultanta.ro/metodologie-verificare-eligibilitate,Vezi metodologia,Discută cu un consultant,no,no
https://atelierdeconsultanta.ro/plan-de-afaceri-fonduri-europene,https://atelierdeconsultanta.ro/metodologie-verificare-eligibilitate,Vezi metodologia,Discută cu un consultant,no,no
https://atelierdeconsultanta.ro/pnrr,https://atelierdeconsultanta.ro/metodologie-verificare-eligibilitate,Metodologie eligibilitate,Conținut principal,no,no
https://atelierdeconsultanta.ro/proiectare-fonduri-europene,https://atelierdeconsultanta.ro/metodologie-verificare-eligibilitate,Vezi metodologia,Discută cu un consultant,no,no
https://atelierdeconsultanta.ro/resurse-utile,https://atelierdeconsultanta.ro/metodologie-verificare-eligibilitate,Metodologia de verificare,Conținut principal,no,no
https://atelierdeconsultanta.ro/studii-de-caz-fonduri-europene,https://atelierdeconsultanta.ro/metodologie-verificare-eligibilitate,metodologia de verificare a eligibilitatii,Modelul folosit pentru fiecare studiu de caz,no,no
https://atelierdeconsultanta.ro/studii-de-caz-fonduri-europene,https://atelierdeconsultanta.ro/metodologie-verificare-eligibilitate,"Metodologie eligibilitateCum verificam CAEN, documente, cofinanțare, punctaj și riscuri.",Vezi și,no,no
https://atelierdeconsultanta.ro/studiu-fezabilitate-fonduri-europene,https://atelierdeconsultanta.ro/metodologie-verificare-eligibilitate,Vezi metodologia,Discută cu un consultant,no,no
https://atelierdeconsultanta.ro/surse-oficiale-fonduri-europene,https://atelierdeconsultanta.ro/metodologie-verificare-eligibilitate,Metodologie verificare eligibilitate,Conținut principal,no,no
https://atelierdeconsultanta.ro/,https://atelierdeconsultanta.ro/plan-de-afaceri-fonduri-europene,Plan de afaceri pentru fonduri europene,Servicii pentru pregătirea proiectului,no,no
https://atelierdeconsultanta.ro/consultanta-fonduri-europene,https://atelierdeconsultanta.ro/plan-de-afaceri-fonduri-europene,Plan de afaceri,Conținut principal,no,no
https://atelierdeconsultanta.ro/fonduri-europene,https://atelierdeconsultanta.ro/plan-de-afaceri-fonduri-europene,planul de afaceri pentru fonduri europene,Fonduri pentru start-up-uri,no,no
https://atelierdeconsultanta.ro/management-proiecte-fonduri-europene,https://atelierdeconsultanta.ro/plan-de-afaceri-fonduri-europene,plan de afaceri fonduri europene,Conținut principal,no,no
https://atelierdeconsultanta.ro/proiectare-fonduri-europene,https://atelierdeconsultanta.ro/plan-de-afaceri-fonduri-europene,plan de afaceri fonduri europene,Conținut principal,no,no
https://atelierdeconsultanta.ro/studiu-fezabilitate-fonduri-europene,https://atelierdeconsultanta.ro/plan-de-afaceri-fonduri-europene,plan de afaceri fonduri europene,Conținut principal,no,no
https://atelierdeconsultanta.ro/,https://atelierdeconsultanta.ro/pnrr,Detalii program,PNRR – Componente Noi,no,no
https://atelierdeconsultanta.ro/,https://atelierdeconsultanta.ro/pnrr,PNRR,Programe și surse de finanțare,no,no
https://atelierdeconsultanta.ro/consultanta-pnrr-digitalizare,https://atelierdeconsultanta.ro/pnrr,Pagina-cadru PNRR,Conținut principal,no,no
https://atelierdeconsultanta.ro/consultanta-pnrr-digitalizare,https://atelierdeconsultanta.ro/pnrr,PNRR,Conținut principal,no,no
https://atelierdeconsultanta.ro/digitalizare-imm,https://atelierdeconsultanta.ro/pnrr,PNRR,Conținut principal,no,no
https://atelierdeconsultanta.ro/digitalizare-imm-pnrr,https://atelierdeconsultanta.ro/pnrr,Pagina-cadru PNRR,Conținut principal,no,no
https://atelierdeconsultanta.ro/digitalizare-imm-pnrr,https://atelierdeconsultanta.ro/pnrr,PNRR,Conținut principal,no,no
https://atelierdeconsultanta.ro/fonduri-europene,https://atelierdeconsultanta.ro/pnrr,PNRR,Conținut principal,no,no
https://atelierdeconsultanta.ro/granturi-digitalizare-imm,https://atelierdeconsultanta.ro/pnrr,PNRR,Conținut principal,no,no
https://atelierdeconsultanta.ro/pocidif-21,https://atelierdeconsultanta.ro/pnrr,PNRR,Conținut principal,yes,no
https://atelierdeconsultanta.ro/digitalizare-imm,https://atelierdeconsultanta.ro/pnrr-digitalizare-imm-cheltuieli-eligibile,Pnrr Digitalizare Imm Cheltuieli Eligibile,Conținut principal,no,no
https://atelierdeconsultanta.ro/pnrr,https://atelierdeconsultanta.ro/pnrr-digitalizare-imm-cheltuieli-eligibile,Pnrr Digitalizare Imm Cheltuieli Eligibile,Conținut principal,no,no
https://atelierdeconsultanta.ro/,https://atelierdeconsultanta.ro/pocidif-21,Detalii PoCIDIF 2.1,PoCIDIF 2.1,no,yes
https://atelierdeconsultanta.ro/,https://atelierdeconsultanta.ro/pocidif-21,"PoCIDIF 2.1Inovare digitală pentru IMM din TIC: servicii, aplicații și produse bazate pe tehnologii avansate.",Resurse utile,no,yes
https://atelierdeconsultanta.ro/,https://atelierdeconsultanta.ro/pocidif-21,PoCIDIF 2.1Inovare pentru IMM TIC,Consultanță și proiectare pentru proiecte cu fonduri europene,no,yes
https://atelierdeconsultanta.ro/cheltuieli-eligibile-pocidif-21,https://atelierdeconsultanta.ro/pocidif-21,pagina principală PoCIDIF 2.1,Bugetul pornește de la activități,no,yes
https://atelierdeconsultanta.ro/cheltuieli-eligibile-pocidif-21,https://atelierdeconsultanta.ro/pocidif-21,Pagina principală PoCIDIF 2.1,Conținut principal,no,yes
https://atelierdeconsultanta.ro/consultanta-fonduri-europene,https://atelierdeconsultanta.ro/pocidif-21,Vezi pagina PoCIDIF 2.1,Verificare,no,yes
https://atelierdeconsultanta.ro/digitalizare-imm,https://atelierdeconsultanta.ro/pocidif-21,PoCIDIF 2.1,Hardware,no,yes
https://atelierdeconsultanta.ro/digitalizare-imm,https://atelierdeconsultanta.ro/pocidif-21,PoCIDIF 2.1,Conținut principal,no,yes
https://atelierdeconsultanta.ro/digitalizare-imm-pnrr,https://atelierdeconsultanta.ro/pocidif-21,PoCIDIF 2.1,Conținut principal,no,yes
https://atelierdeconsultanta.ro/documente-punctaj-pocidif-21,https://atelierdeconsultanta.ro/pocidif-21,pagina principală PoCIDIF 2.1,Dosarul este un sistem coerent,no,yes
https://atelierdeconsultanta.ro/documente-punctaj-pocidif-21,https://atelierdeconsultanta.ro/pocidif-21,Pagina principală PoCIDIF 2.1,Conținut principal,no,yes
https://atelierdeconsultanta.ro/e-move,https://atelierdeconsultanta.ro/pocidif-21,PoCIDIF 2.1,Conținut principal,no,yes
https://atelierdeconsultanta.ro/eligibilitate-pocidif-21,https://atelierdeconsultanta.ro/pocidif-21,Pagina principală PoCIDIF 2.1,Conținut principal,no,yes
https://atelierdeconsultanta.ro/eligibilitate-pocidif-21,https://atelierdeconsultanta.ro/pocidif-21,PoCIDIF 2.1,Solicitanții eligibili,no,yes
https://atelierdeconsultanta.ro/fonduri-europene,https://atelierdeconsultanta.ro/pocidif-21,PoCIDIF 2.1,Conținut principal,no,yes
https://atelierdeconsultanta.ro/fonduri-europene-digitalizare,https://atelierdeconsultanta.ro/pocidif-21,pagina PoCIDIF 2.1,Hardware,no,yes
https://atelierdeconsultanta.ro/fonduri-europene-digitalizare,https://atelierdeconsultanta.ro/pocidif-21,PoCIDIF 2.1,Conținut principal,no,yes
https://atelierdeconsultanta.ro/fonduri-europene-imm,https://atelierdeconsultanta.ro/pocidif-21,PoCIDIF 2.1,Conținut principal,no,yes
https://atelierdeconsultanta.ro/fonduri-europene-imm,https://atelierdeconsultanta.ro/pocidif-21,Verifică programul,Program,no,yes
https://atelierdeconsultanta.ro/ghiduri,https://atelierdeconsultanta.ro/pocidif-21,pagina PoCIDIF 2.1,Pe scurt,no,yes
https://atelierdeconsultanta.ro/granturi-digitalizare-imm,https://atelierdeconsultanta.ro/pocidif-21,PoCIDIF 2.1,Conținut principal,no,yes
https://atelierdeconsultanta.ro/instrumente,https://atelierdeconsultanta.ro/pocidif-21,PoCIDIF 2.1,Conținut principal,no,yes
https://atelierdeconsultanta.ro/investitii-modernizarea-microintreprinderilor-apel-2,https://atelierdeconsultanta.ro/pocidif-21,PoCIDIF 2.1,Conținut principal,no,yes
https://atelierdeconsultanta.ro/pnrr,https://atelierdeconsultanta.ro/pocidif-21,PoCIDIF 2.1,Hardware,no,yes
https://atelierdeconsultanta.ro/pnrr,https://atelierdeconsultanta.ro/pocidif-21,PoCIDIF 2.1,Conținut principal,no,yes
https://atelierdeconsultanta.ro/pro-infra,https://atelierdeconsultanta.ro/pocidif-21,PoCIDIF 2.1,Conținut principal,yes,yes
https://atelierdeconsultanta.ro/,https://atelierdeconsultanta.ro/politica-de-confidentialitate,Politica de confidențialitate,Notificări Programe de Finanțare,no,no
https://atelierdeconsultanta.ro/,https://atelierdeconsultanta.ro/politica-de-confidentialitate,Politica de confidențialitate,Verificare inițială a proiectului,no,no
https://atelierdeconsultanta.ro/,https://atelierdeconsultanta.ro/politica-de-confidentialitate,Politica de confidențialitate,Verificare inițială a proiectului,no,no
https://atelierdeconsultanta.ro/,https://atelierdeconsultanta.ro/politica-de-confidentialitate,Politica de confidențialitate,Verificare inițială a proiectului,no,no
https://atelierdeconsultanta.ro/contact,https://atelierdeconsultanta.ro/politica-de-confidentialitate,Politica de confidentialitate,Trimite detaliile proiectului,no,no
https://atelierdeconsultanta.ro/gdpr,https://atelierdeconsultanta.ro/politica-de-confidentialitate,Politica de confidențialitate,6. Contact și actualizări,no,no
https://atelierdeconsultanta.ro/termeni-si-conditii,https://atelierdeconsultanta.ro/politica-de-confidentialitate,Politica de confidențialitate,7. Confidențialitate,no,no
https://atelierdeconsultanta.ro/,https://atelierdeconsultanta.ro/por-adr-nord-est,Detalii program,POR ADR Nord-Est 2021–2027,no,yes
https://atelierdeconsultanta.ro/,https://atelierdeconsultanta.ro/por-adr-nord-est,Detalii program →,POR ADR Nord-Est 2021–2027,no,yes
https://atelierdeconsultanta.ro/consultanta-fonduri-europene,https://atelierdeconsultanta.ro/por-adr-nord-est,POR / ADR Nord-Est,Conținut principal,no,yes
https://atelierdeconsultanta.ro/consultanta-fonduri-europene,https://atelierdeconsultanta.ro/por-adr-nord-est,Por Adr Nord Est,Conținut principal,no,yes
https://atelierdeconsultanta.ro/fonduri-europene,https://atelierdeconsultanta.ro/por-adr-nord-est,pagina Nord-Est,Programe regionale,no,yes
https://atelierdeconsultanta.ro/fonduri-europene-imm,https://atelierdeconsultanta.ro/por-adr-nord-est,Por Adr Nord Est,Conținut principal,no,yes
https://atelierdeconsultanta.ro/fonduri-europene-nord-est,https://atelierdeconsultanta.ro/por-adr-nord-est,Por Adr Nord Est,Conținut principal,no,yes
https://atelierdeconsultanta.ro/fonduri-europene-nord-est,https://atelierdeconsultanta.ro/por-adr-nord-est,POR ADR Nord-Est,Raspuns scurt,no,yes
https://atelierdeconsultanta.ro/fonduri-europene-nord-est,https://atelierdeconsultanta.ro/por-adr-nord-est,Programul Regional Nord-Est,Raspuns scurt,no,yes
https://atelierdeconsultanta.ro/fonduri-regionale,https://atelierdeconsultanta.ro/por-adr-nord-est,POR ADR Nord-Est,Nord-Est,no,yes
https://atelierdeconsultanta.ro/fonduri-regionale,https://atelierdeconsultanta.ro/por-adr-nord-est,POR ADR Nord-Est,Când proiectul nu trebuie forțat într-un program regional,no,yes
https://atelierdeconsultanta.ro/fonduri-regionale,https://atelierdeconsultanta.ro/por-adr-nord-est,POR ADR Nord-Est,Conținut principal,no,yes
https://atelierdeconsultanta.ro/fonduri-regionale,https://atelierdeconsultanta.ro/por-adr-nord-est,Programul Regional Nord-Est,Răspuns rapid,no,yes
https://atelierdeconsultanta.ro/ghiduri,https://atelierdeconsultanta.ro/por-adr-nord-est,regional,Pe scurt,no,yes
https://atelierdeconsultanta.ro/investitii-modernizarea-microintreprinderilor-apel-2,https://atelierdeconsultanta.ro/por-adr-nord-est,POR ADR Nord-Est,Conținut principal,no,yes
https://atelierdeconsultanta.ro/investitii-modernizarea-microintreprinderilor-apel-2,https://atelierdeconsultanta.ro/por-adr-nord-est,Programul Regional Nord-Est – finanțări pentru IMM și microîntreprinderi,De ce merită analizat Apelul 2,no,yes
https://atelierdeconsultanta.ro/studii-de-caz-fonduri-europene,https://atelierdeconsultanta.ro/por-adr-nord-est,POR ADR Nord-Est,Modelul folosit pentru fiecare studiu de caz,no,yes
https://atelierdeconsultanta.ro/studii-de-caz-fonduri-europene,https://atelierdeconsultanta.ro/por-adr-nord-est,POR ADR Nord-Est,Conținut principal,no,yes
https://atelierdeconsultanta.ro/,https://atelierdeconsultanta.ro/pro-infra,Detalii program,PRO INFRA – producție pentru infrastructură,no,yes
https://atelierdeconsultanta.ro/,https://atelierdeconsultanta.ro/pro-infra,PRO INFRAProducție pentru infrastructură,Consultanță și proiectare pentru proiecte cu fonduri europene,no,yes
https://atelierdeconsultanta.ro/finantari-panouri-fotovoltaice,https://atelierdeconsultanta.ro/pro-infra,Pro Infra,Conținut principal,no,yes
https://atelierdeconsultanta.ro/fondul-de-modernizare,https://atelierdeconsultanta.ro/pro-infra,Pro Infra,Conținut principal,no,yes
https://atelierdeconsultanta.ro/fonduri-europene,https://atelierdeconsultanta.ro/pro-infra,PRO INFRA,Conținut principal,no,yes
https://atelierdeconsultanta.ro/fonduri-europene,https://atelierdeconsultanta.ro/pro-infra,PRO INFRA,Conținut principal,no,yes
https://atelierdeconsultanta.ro/fonduri-europene-nerambursabile-2026,https://atelierdeconsultanta.ro/pro-infra,Pro Infra,Conținut principal,no,yes
https://atelierdeconsultanta.ro/,https://atelierdeconsultanta.ro/programul-tranzitie-justa,Detalii program,Programul Tranziție Justă,no,no
https://atelierdeconsultanta.ro/,https://atelierdeconsultanta.ro/programul-tranzitie-justa,Programul Tranziție Justă,Programe și surse de finanțare,no,no
https://atelierdeconsultanta.ro/,https://atelierdeconsultanta.ro/programul-tranzitie-justa,Programul Tranziție JustăRegiune și documente,Consultanță și proiectare pentru proiecte cu fonduri europene,no,no
https://atelierdeconsultanta.ro/consultanta-fonduri-europene,https://atelierdeconsultanta.ro/programul-tranzitie-justa,Programul Tranziție Justă,Conținut principal,no,no
https://atelierdeconsultanta.ro/consultanta-fonduri-europene-bucuresti,https://atelierdeconsultanta.ro/programul-tranzitie-justa,Programul Tranzitie Justa,Conținut principal,no,no
https://atelierdeconsultanta.ro/fonduri-europene,https://atelierdeconsultanta.ro/programul-tranzitie-justa,hubul Programului Tranziție Justă,Programul Tranziție Justă,no,no
https://atelierdeconsultanta.ro/fonduri-europene,https://atelierdeconsultanta.ro/programul-tranzitie-justa,Programul Tranzitie Justa,Conținut principal,no,no
https://atelierdeconsultanta.ro/fonduri-europene,https://atelierdeconsultanta.ro/programul-tranzitie-justa,Programul Tranzitie Justa,Conținut principal,no,no
https://atelierdeconsultanta.ro/fonduri-europene-bucuresti,https://atelierdeconsultanta.ro/programul-tranzitie-justa,Programul Tranzitie Justa,Conținut principal,no,no
https://atelierdeconsultanta.ro/fonduri-europene-nerambursabile-2026,https://atelierdeconsultanta.ro/programul-tranzitie-justa,Programul Tranziție Justă,Program,no,no
https://atelierdeconsultanta.ro/fonduri-europene-nerambursabile-2026,https://atelierdeconsultanta.ro/programul-tranzitie-justa,Programul Tranziție Justă,Conținut principal,no,no
https://atelierdeconsultanta.ro/fonduri-europene-nord-est,https://atelierdeconsultanta.ro/programul-tranzitie-justa,Programul Tranzitie Justa,Conținut principal,no,no
https://atelierdeconsultanta.ro/fonduri-regionale,https://atelierdeconsultanta.ro/programul-tranzitie-justa,Programul Tranziție Justă,Răspuns rapid,no,no
https://atelierdeconsultanta.ro/ghiduri,https://atelierdeconsultanta.ro/programul-tranzitie-justa,Programul Tranziție Justă,Conținut principal,no,no
https://atelierdeconsultanta.ro/investitii-modernizarea-microintreprinderilor-apel-2,https://atelierdeconsultanta.ro/programul-tranzitie-justa,Programul Tranzitie Justa,Conținut principal,no,no
https://atelierdeconsultanta.ro/por-adr-nord-est,https://atelierdeconsultanta.ro/programul-tranzitie-justa,Programul Tranzitie Justa,Conținut principal,yes,no
https://atelierdeconsultanta.ro/programul-tranzitie-justa-intrebari-documente,https://atelierdeconsultanta.ro/programul-tranzitie-justa,Programul Tranziție Justă,Întrebări,no,no
https://atelierdeconsultanta.ro/programul-tranzitie-justa-intrebari-documente,https://atelierdeconsultanta.ro/programul-tranzitie-justa,Programul Tranziție Justă,Conținut principal,no,no
https://atelierdeconsultanta.ro/programul-tranzitie-justa-intrebari-documente,https://atelierdeconsultanta.ro/programul-tranzitie-justa,Vezi pagina-cadru PTJ,Ai întrebările și documentele pregătite?,no,no
https://atelierdeconsultanta.ro/proiectare-fonduri-europene,https://atelierdeconsultanta.ro/programul-tranzitie-justa,programul tranzitie justa,Conținut principal,no,no
https://atelierdeconsultanta.ro/,https://atelierdeconsultanta.ro/programul-tranzitie-justa-intrebari-documente,Întrebări și documente,Programul Tranziție Justă,no,no
https://atelierdeconsultanta.ro/consultanta-fonduri-europene,https://atelierdeconsultanta.ro/programul-tranzitie-justa-intrebari-documente,întrebări și documente PTJ,Verificare,no,no
https://atelierdeconsultanta.ro/consultanta-fonduri-europene,https://atelierdeconsultanta.ro/programul-tranzitie-justa-intrebari-documente,Întrebări și documente PTJ,Conținut principal,no,no
https://atelierdeconsultanta.ro/consultanta-fonduri-europene-bucuresti,https://atelierdeconsultanta.ro/programul-tranzitie-justa-intrebari-documente,Întrebări și documente PTJ,Conținut principal,no,no
https://atelierdeconsultanta.ro/fonduri-europene,https://atelierdeconsultanta.ro/programul-tranzitie-justa-intrebari-documente,întrebări și documente PTJ,Programul Tranziție Justă,no,no
https://atelierdeconsultanta.ro/fonduri-europene,https://atelierdeconsultanta.ro/programul-tranzitie-justa-intrebari-documente,întrebări și documente PTJ,Program,no,no
https://atelierdeconsultanta.ro/fonduri-europene,https://atelierdeconsultanta.ro/programul-tranzitie-justa-intrebari-documente,Întrebări și documente PTJ,Conținut principal,no,no
https://atelierdeconsultanta.ro/fonduri-europene,https://atelierdeconsultanta.ro/programul-tranzitie-justa-intrebari-documente,Întrebări și documente PTJ,Conținut principal,no,no
https://atelierdeconsultanta.ro/fonduri-europene-bucuresti,https://atelierdeconsultanta.ro/programul-tranzitie-justa-intrebari-documente,Întrebări și documente PTJ,Conținut principal,no,no
https://atelierdeconsultanta.ro/fonduri-europene-nerambursabile-2026,https://atelierdeconsultanta.ro/programul-tranzitie-justa-intrebari-documente,întrebări și documente PTJ,Program,no,no
https://atelierdeconsultanta.ro/fonduri-europene-nerambursabile-2026,https://atelierdeconsultanta.ro/programul-tranzitie-justa-intrebari-documente,Întrebări și documente PTJ,Conținut principal,no,no
https://atelierdeconsultanta.ro/fonduri-europene-nord-est,https://atelierdeconsultanta.ro/programul-tranzitie-justa-intrebari-documente,Întrebări și documente PTJ,Conținut principal,no,no
https://atelierdeconsultanta.ro/fonduri-regionale,https://atelierdeconsultanta.ro/programul-tranzitie-justa-intrebari-documente,întrebări și documente PTJ,Răspuns rapid,no,no
https://atelierdeconsultanta.ro/fonduri-regionale,https://atelierdeconsultanta.ro/programul-tranzitie-justa-intrebari-documente,Întrebări și documente PTJ,Conținut principal,no,no
https://atelierdeconsultanta.ro/ghiduri,https://atelierdeconsultanta.ro/programul-tranzitie-justa-intrebari-documente,întrebări și documente PTJ,Pe scurt,no,no
https://atelierdeconsultanta.ro/ghiduri,https://atelierdeconsultanta.ro/programul-tranzitie-justa-intrebari-documente,Întrebări și documente PTJ,Conținut principal,no,no
https://atelierdeconsultanta.ro/investitii-modernizarea-microintreprinderilor-apel-2,https://atelierdeconsultanta.ro/programul-tranzitie-justa-intrebari-documente,Întrebări și documente PTJ,Conținut principal,no,no
https://atelierdeconsultanta.ro/por-adr-nord-est,https://atelierdeconsultanta.ro/programul-tranzitie-justa-intrebari-documente,Întrebări și documente PTJ,Conținut principal,yes,no
https://atelierdeconsultanta.ro/programul-tranzitie-justa,https://atelierdeconsultanta.ro/programul-tranzitie-justa-intrebari-documente,Întrebări și documente PTJ,Conținut principal,no,no
https://atelierdeconsultanta.ro/,https://atelierdeconsultanta.ro/proiectare-fonduri-europene,Proiectare fonduri europene,Servicii pentru pregătirea proiectului,no,no
https://atelierdeconsultanta.ro/,https://atelierdeconsultanta.ro/proiectare-fonduri-europene,Vezi serviciile de proiectare,Consultanță și proiectare pentru proiecte cu fonduri europene,no,no
https://atelierdeconsultanta.ro/afir,https://atelierdeconsultanta.ro/proiectare-fonduri-europene,Proiectare fonduri europene,Conținut principal,no,no
https://atelierdeconsultanta.ro/consultanta-fonduri-europene,https://atelierdeconsultanta.ro/proiectare-fonduri-europene,Proiectare fonduri europene,Conținut principal,no,no
https://atelierdeconsultanta.ro/consultanta-fonduri-europene,https://atelierdeconsultanta.ro/proiectare-fonduri-europene,serviciile de proiectare pentru fonduri europene,Verificare,no,no
https://atelierdeconsultanta.ro/fonduri-europene,https://atelierdeconsultanta.ro/proiectare-fonduri-europene,proiectarea investiției,Consultanță și proiectare,no,no
https://atelierdeconsultanta.ro/management-proiecte-fonduri-europene,https://atelierdeconsultanta.ro/proiectare-fonduri-europene,proiectare fonduri europene,Conținut principal,no,no
https://atelierdeconsultanta.ro/plan-de-afaceri-fonduri-europene,https://atelierdeconsultanta.ro/proiectare-fonduri-europene,proiectare fonduri europene,Conținut principal,no,no
https://atelierdeconsultanta.ro/resurse-utile,https://atelierdeconsultanta.ro/proiectare-fonduri-europene,Proiectare fonduri europene,Conținut principal,no,no
https://atelierdeconsultanta.ro/studiu-fezabilitate-fonduri-europene,https://atelierdeconsultanta.ro/proiectare-fonduri-europene,proiectare fonduri europene,Conținut principal,no,no
https://atelierdeconsultanta.ro/acte-necesare-fonduri-europene-nerambursabile,https://atelierdeconsultanta.ro/resurse,Resurse,Conținut principal,no,no
https://atelierdeconsultanta.ro/autoconsum-public-fotovoltaice-institutii-publice,https://atelierdeconsultanta.ro/resurse,Resurse,Conținut principal,no,no
https://atelierdeconsultanta.ro/calendar-fonduri-europene,https://atelierdeconsultanta.ro/resurse,Resurse,Conținut principal,no,no
https://atelierdeconsultanta.ro/fondul-modernizare-energie-regenerabila-2026,https://atelierdeconsultanta.ro/resurse,Resurse,Conținut principal,no,no
https://atelierdeconsultanta.ro/fonduri-nerambursabile,https://atelierdeconsultanta.ro/resurse,Resurse,Conținut principal,no,no
https://atelierdeconsultanta.ro/ghiduri,https://atelierdeconsultanta.ro/resurse,Resurse,Conținut principal,no,no
https://atelierdeconsultanta.ro/ghiduri,https://atelierdeconsultanta.ro/resurse,Resurse descarcabile,Pe scurt,no,no
https://atelierdeconsultanta.ro/ghiduri,https://atelierdeconsultanta.ro/resurse,Resurse descarcabile,Conținut principal,no,no
https://atelierdeconsultanta.ro/instrumente,https://atelierdeconsultanta.ro/resurse,Resurse,Conținut principal,no,no
https://atelierdeconsultanta.ro/resurse-utile,https://atelierdeconsultanta.ro/resurse,Resurse descărcabile,Conținut principal,no,no
https://atelierdeconsultanta.ro/verificare-eligibilitate-fonduri-europene,https://atelierdeconsultanta.ro/resurse,Resurse,Conținut principal,no,no
https://atelierdeconsultanta.ro/webinarii,https://atelierdeconsultanta.ro/resurse,Resurse,Conținut principal,no,no
https://atelierdeconsultanta.ro/consultanta-fonduri-europene,https://atelierdeconsultanta.ro/resurse-utile,Resurse utile și surse oficiale,Conținut principal,no,no
https://atelierdeconsultanta.ro/fonduri-europene,https://atelierdeconsultanta.ro/resurse-utile,Resurse utile și surse oficiale,Conținut principal,no,no
https://atelierdeconsultanta.ro/ghiduri,https://atelierdeconsultanta.ro/resurse-utile,Resurse utile pentru proiecte,Conținut principal,no,no
https://atelierdeconsultanta.ro/ghiduri,https://atelierdeconsultanta.ro/resurse-utile,Resurse utile pentru proiecte,Conținut principal,no,no
https://atelierdeconsultanta.ro/resurse,https://atelierdeconsultanta.ro/resurse-utile,Resurse utile și surse oficiale,Conținut principal,no,no
https://atelierdeconsultanta.ro/surse-oficiale-fonduri-europene,https://atelierdeconsultanta.ro/resurse-utile,Resurse oficiale și instrumente,Conținut principal,no,no
https://atelierdeconsultanta.ro/,https://atelierdeconsultanta.ro/start-up-nation-2026,Detalii program,Start-Up Nation,no,no
https://atelierdeconsultanta.ro/,https://atelierdeconsultanta.ro/start-up-nation-2026,Start-Up Nation 2026,Programe și surse de finanțare,no,no
https://atelierdeconsultanta.ro/,https://atelierdeconsultanta.ro/start-up-nation-2026,Start-Up NationAntreprenoriat,Consultanță și proiectare pentru proiecte cu fonduri europene,no,no
https://atelierdeconsultanta.ro/,https://atelierdeconsultanta.ro/start-up-nation-2026,"Start-Up NationCondiții orientative, cheltuieli eligibile, CAEN, plan de afaceri și verificarea ghidului activ.",Resurse utile,no,no
https://atelierdeconsultanta.ro/blog,https://atelierdeconsultanta.ro/start-up-nation-2026,"Start-Up NationCondiții, cheltuieli, idei și pași pentru Start-Up Nation.",Vezi și,no,no
https://atelierdeconsultanta.ro/cod-caen-start-up-nation-2026,https://atelierdeconsultanta.ro/start-up-nation-2026,Hub Start-Up Nation 2026,Conținut principal,no,no
https://atelierdeconsultanta.ro/cod-caen-start-up-nation-2026,https://atelierdeconsultanta.ro/start-up-nation-2026,Start-Up Nation 2026,Conținut principal,no,no
https://atelierdeconsultanta.ro/consultant-fonduri-europene-imm,https://atelierdeconsultanta.ro/start-up-nation-2026,Start-Up Nation,Conținut principal,no,no
https://atelierdeconsultanta.ro/consultanta-fonduri-europene,https://atelierdeconsultanta.ro/start-up-nation-2026,Start-Up Nation,Conținut principal,no,no
https://atelierdeconsultanta.ro/consultanta-fonduri-europene,https://atelierdeconsultanta.ro/start-up-nation-2026,Start-Up Nation 2026,Conținut principal,no,no
https://atelierdeconsultanta.ro/consultanta-start-up-nation-2026,https://atelierdeconsultanta.ro/start-up-nation-2026,Hub Start-Up Nation 2026,Conținut principal,no,no
https://atelierdeconsultanta.ro/consultanta-start-up-nation-2026,https://atelierdeconsultanta.ro/start-up-nation-2026,Start-Up Nation 2026,Conținut principal,no,no
https://atelierdeconsultanta.ro/consultanta-start-up-nation-2026,https://atelierdeconsultanta.ro/start-up-nation-2026,Vezi Start-Up Nation 2026,Urmatorul pas,no,no
https://atelierdeconsultanta.ro/dr-12-afir-instalarea-tinerilor-fermieri,https://atelierdeconsultanta.ro/start-up-nation-2026,"Start-Up NationCondiții, cheltuieli, idei și pași pentru Start-Up Nation.",Vezi și,no,no
https://atelierdeconsultanta.ro/fonduri-europene,https://atelierdeconsultanta.ro/start-up-nation-2026,Start-Up Nation,Fonduri pentru start-up-uri,no,no
https://atelierdeconsultanta.ro/fonduri-europene-imm,https://atelierdeconsultanta.ro/start-up-nation-2026,Start-Up Nation 2026,Conținut principal,no,no
https://atelierdeconsultanta.ro/fonduri-europene-nerambursabile-2026,https://atelierdeconsultanta.ro/start-up-nation-2026,Start-Up Nation 2026,Conținut principal,no,no
https://atelierdeconsultanta.ro/ghiduri,https://atelierdeconsultanta.ro/start-up-nation-2026,Start-Up Nation,Pe scurt,no,no
https://atelierdeconsultanta.ro/ghiduri,https://atelierdeconsultanta.ro/start-up-nation-2026,Start-Up Nation,Conținut principal,no,no
https://atelierdeconsultanta.ro/ghiduri,https://atelierdeconsultanta.ro/start-up-nation-2026,Start-Up Nation 2026,Pe scurt,no,no
https://atelierdeconsultanta.ro/idei-afaceri-fonduri-europene,https://atelierdeconsultanta.ro/start-up-nation-2026,"Start-Up NationCondiții, cheltuieli, idei și pași pentru Start-Up Nation.",Vezi și,no,no
https://atelierdeconsultanta.ro/pnrr-digitalizare-imm-cheltuieli-eligibile,https://atelierdeconsultanta.ro/start-up-nation-2026,"Start-Up NationCondiții, cheltuieli, idei și pași pentru Start-Up Nation.",Vezi și,no,no
https://atelierdeconsultanta.ro/start-up-nation-2026-cheltuieli-eligibile,https://atelierdeconsultanta.ro/start-up-nation-2026,Hub Start-Up Nation 2026,Conținut principal,no,no
https://atelierdeconsultanta.ro/start-up-nation-2026-cheltuieli-eligibile,https://atelierdeconsultanta.ro/start-up-nation-2026,Start-Up Nation 2026,Conținut principal,no,no
https://atelierdeconsultanta.ro/start-up-nation-2026-conditii,https://atelierdeconsultanta.ro/start-up-nation-2026,Hub Start-Up Nation 2026,Conținut principal,no,no
https://atelierdeconsultanta.ro/start-up-nation-2026-conditii,https://atelierdeconsultanta.ro/start-up-nation-2026,Start-Up Nation 2026,Conținut principal,no,no
https://atelierdeconsultanta.ro/start-up-nation-2026-idei-afaceri,https://atelierdeconsultanta.ro/start-up-nation-2026,Start-Up Nation 2026,Conținut principal,no,no
https://atelierdeconsultanta.ro/start-up-nation-2026-plan-de-afaceri,https://atelierdeconsultanta.ro/start-up-nation-2026,Hub Start-Up Nation 2026,Conținut principal,no,no
https://atelierdeconsultanta.ro/start-up-nation-2026-plan-de-afaceri,https://atelierdeconsultanta.ro/start-up-nation-2026,Start-Up Nation 2026,Conținut principal,no,no
https://atelierdeconsultanta.ro/studii-de-caz-fonduri-europene,https://atelierdeconsultanta.ro/start-up-nation-2026,Start-Up Nation 2026,Modelul folosit pentru fiecare studiu de caz,no,no
https://atelierdeconsultanta.ro/studii-de-caz-fonduri-europene,https://atelierdeconsultanta.ro/start-up-nation-2026,Start-Up Nation 2026,Conținut principal,no,no
https://atelierdeconsultanta.ro/cod-caen-start-up-nation-2026,https://atelierdeconsultanta.ro/start-up-nation-2026-cheltuieli-eligibile,Start Up Nation 2026 Cheltuieli Eligibile,Conținut principal,no,no
https://atelierdeconsultanta.ro/consultanta-start-up-nation-2026,https://atelierdeconsultanta.ro/start-up-nation-2026-cheltuieli-eligibile,Cheltuieli eligibile,Conținut principal,no,no
https://atelierdeconsultanta.ro/consultanta-start-up-nation-2026,https://atelierdeconsultanta.ro/start-up-nation-2026-cheltuieli-eligibile,Start Up Nation 2026 Cheltuieli Eligibile,Conținut principal,no,no
https://atelierdeconsultanta.ro/start-up-nation-2026,https://atelierdeconsultanta.ro/start-up-nation-2026-cheltuieli-eligibile,Cheltuieli eligibile,Conținut principal,no,no
https://atelierdeconsultanta.ro/start-up-nation-2026,https://atelierdeconsultanta.ro/start-up-nation-2026-cheltuieli-eligibile,Start Up Nation 2026 Cheltuieli Eligibile,Conținut principal,no,no
https://atelierdeconsultanta.ro/start-up-nation-2026-conditii,https://atelierdeconsultanta.ro/start-up-nation-2026-cheltuieli-eligibile,Start Up Nation 2026 Cheltuieli Eligibile,Conținut principal,no,no
https://atelierdeconsultanta.ro/start-up-nation-2026-conditii,https://atelierdeconsultanta.ro/start-up-nation-2026-cheltuieli-eligibile,Urmatorul pas: cheltuieli eligibile,Conținut principal,no,no
https://atelierdeconsultanta.ro/start-up-nation-2026-idei-afaceri,https://atelierdeconsultanta.ro/start-up-nation-2026-cheltuieli-eligibile,Start Up Nation 2026 Cheltuieli Eligibile,Conținut principal,no,no
https://atelierdeconsultanta.ro/start-up-nation-2026-plan-de-afaceri,https://atelierdeconsultanta.ro/start-up-nation-2026-cheltuieli-eligibile,Revino la buget și cheltuieli,Conținut principal,no,no
https://atelierdeconsultanta.ro/start-up-nation-2026-plan-de-afaceri,https://atelierdeconsultanta.ro/start-up-nation-2026-cheltuieli-eligibile,Start Up Nation 2026 Cheltuieli Eligibile,Conținut principal,no,no
https://atelierdeconsultanta.ro/cod-caen-start-up-nation-2026,https://atelierdeconsultanta.ro/start-up-nation-2026-conditii,Start Up Nation 2026 Condiții,Conținut principal,no,no
https://atelierdeconsultanta.ro/consultanta-start-up-nation-2026,https://atelierdeconsultanta.ro/start-up-nation-2026-conditii,Checklist condiții,Conținut principal,no,no
https://atelierdeconsultanta.ro/consultanta-start-up-nation-2026,https://atelierdeconsultanta.ro/start-up-nation-2026-conditii,Start Up Nation 2026 Condiții,Conținut principal,no,no
https://atelierdeconsultanta.ro/start-up-nation-2026,https://atelierdeconsultanta.ro/start-up-nation-2026-conditii,Condiții Start-Up Nation,Conținut principal,no,no
https://atelierdeconsultanta.ro/start-up-nation-2026,https://atelierdeconsultanta.ro/start-up-nation-2026-conditii,Start Up Nation 2026 Condiții,Conținut principal,no,no
https://atelierdeconsultanta.ro/start-up-nation-2026-cheltuieli-eligibile,https://atelierdeconsultanta.ro/start-up-nation-2026-conditii,Start Up Nation 2026 Condiții,Conținut principal,no,no
https://atelierdeconsultanta.ro/start-up-nation-2026-idei-afaceri,https://atelierdeconsultanta.ro/start-up-nation-2026-conditii,Start Up Nation 2026 Condiții,Conținut principal,no,no
https://atelierdeconsultanta.ro/start-up-nation-2026-plan-de-afaceri,https://atelierdeconsultanta.ro/start-up-nation-2026-conditii,Start Up Nation 2026 Condiții,Conținut principal,no,no
https://atelierdeconsultanta.ro/cod-caen-start-up-nation-2026,https://atelierdeconsultanta.ro/start-up-nation-2026-plan-de-afaceri,Start Up Nation 2026 Plan De Afaceri,Conținut principal,no,no
https://atelierdeconsultanta.ro/cod-caen-start-up-nation-2026,https://atelierdeconsultanta.ro/start-up-nation-2026-plan-de-afaceri,Urmatorul pas: plan de afaceri,Conținut principal,no,no
https://atelierdeconsultanta.ro/consultanta-start-up-nation-2026,https://atelierdeconsultanta.ro/start-up-nation-2026-plan-de-afaceri,Plan de afaceri,Conținut principal,no,no
https://atelierdeconsultanta.ro/consultanta-start-up-nation-2026,https://atelierdeconsultanta.ro/start-up-nation-2026-plan-de-afaceri,Start Up Nation 2026 Plan De Afaceri,Conținut principal,no,no
https://atelierdeconsultanta.ro/ghiduri,https://atelierdeconsultanta.ro/start-up-nation-2026-plan-de-afaceri,plan de afaceri,Pe scurt,no,no
https://atelierdeconsultanta.ro/start-up-nation-2026,https://atelierdeconsultanta.ro/start-up-nation-2026-plan-de-afaceri,Plan de afaceri,Conținut principal,no,no
https://atelierdeconsultanta.ro/start-up-nation-2026,https://atelierdeconsultanta.ro/start-up-nation-2026-plan-de-afaceri,Start Up Nation 2026 Plan De Afaceri,Conținut principal,no,no
https://atelierdeconsultanta.ro/start-up-nation-2026-cheltuieli-eligibile,https://atelierdeconsultanta.ro/start-up-nation-2026-plan-de-afaceri,Start Up Nation 2026 Plan De Afaceri,Conținut principal,no,no
https://atelierdeconsultanta.ro/start-up-nation-2026-conditii,https://atelierdeconsultanta.ro/start-up-nation-2026-plan-de-afaceri,Start Up Nation 2026 Plan De Afaceri,Conținut principal,no,no
https://atelierdeconsultanta.ro/start-up-nation-2026-idei-afaceri,https://atelierdeconsultanta.ro/start-up-nation-2026-plan-de-afaceri,Start Up Nation 2026 Plan De Afaceri,Conținut principal,no,no
https://atelierdeconsultanta.ro/,https://atelierdeconsultanta.ro/studii-de-caz-fonduri-europene,"Studii de cazExemple anonimizate despre metoda de analiză, riscuri și decizii de proiect.",Resurse utile,no,no
https://atelierdeconsultanta.ro/consultanta-fonduri-europene,https://atelierdeconsultanta.ro/studii-de-caz-fonduri-europene,Studii de caz,Conținut principal,no,no
https://atelierdeconsultanta.ro/despre-faber,https://atelierdeconsultanta.ro/studii-de-caz-fonduri-europene,Studii de cazExemple anonimizate despre pregătirea și riscurile proiectelor.,Resurse pentru verificare,no,no
https://atelierdeconsultanta.ro/despre-faber,https://atelierdeconsultanta.ro/studii-de-caz-fonduri-europene,studiile de caz,"E-E-A-T: experienta, metoda și limite",no,no
https://atelierdeconsultanta.ro/fonduri-europene,https://atelierdeconsultanta.ro/studii-de-caz-fonduri-europene,Studii de caz,Conținut principal,no,no
https://atelierdeconsultanta.ro/metodologie-verificare-eligibilitate,https://atelierdeconsultanta.ro/studii-de-caz-fonduri-europene,Studii de caz fonduri europene,Conținut principal,no,no
https://atelierdeconsultanta.ro/surse-oficiale-fonduri-europene,https://atelierdeconsultanta.ro/studii-de-caz-fonduri-europene,Studii de caz fonduri europene,Conținut principal,no,no
https://atelierdeconsultanta.ro/,https://atelierdeconsultanta.ro/studiu-fezabilitate-fonduri-europene,Studiu de fezabilitate pentru fonduri europene,Servicii pentru pregătirea proiectului,no,no
https://atelierdeconsultanta.ro/consultanta-fonduri-europene,https://atelierdeconsultanta.ro/studiu-fezabilitate-fonduri-europene,Studiu de fezabilitate,Conținut principal,no,no
https://atelierdeconsultanta.ro/consultanta-fonduri-europene,https://atelierdeconsultanta.ro/studiu-fezabilitate-fonduri-europene,studiul de fezabilitate,Verificare,no,no
https://atelierdeconsultanta.ro/management-proiecte-fonduri-europene,https://atelierdeconsultanta.ro/studiu-fezabilitate-fonduri-europene,studiu fezabilitate fonduri europene,Conținut principal,no,no
https://atelierdeconsultanta.ro/plan-de-afaceri-fonduri-europene,https://atelierdeconsultanta.ro/studiu-fezabilitate-fonduri-europene,studiu fezabilitate fonduri europene,Conținut principal,no,no
https://atelierdeconsultanta.ro/proiectare-fonduri-europene,https://atelierdeconsultanta.ro/studiu-fezabilitate-fonduri-europene,studiu fezabilitate fonduri europene,Conținut principal,no,no
https://atelierdeconsultanta.ro/,https://atelierdeconsultanta.ro/surse-oficiale-fonduri-europene,Consultă sursele oficiale,Verificare inițială a proiectului,no,no
https://atelierdeconsultanta.ro/,https://atelierdeconsultanta.ro/surse-oficiale-fonduri-europene,Consultă sursele oficiale,Verificare inițială a proiectului,no,no
https://atelierdeconsultanta.ro/,https://atelierdeconsultanta.ro/surse-oficiale-fonduri-europene,Surse oficiale,POR ADR Nord-Est 2021–2027,no,no
https://atelierdeconsultanta.ro/,https://atelierdeconsultanta.ro/surse-oficiale-fonduri-europene,Surse oficiale,e-MOVE RO,no,no
https://atelierdeconsultanta.ro/,https://atelierdeconsultanta.ro/surse-oficiale-fonduri-europene,"Surse oficialeInstitutii și linkuri oficiale pentru ghiduri, apeluri, proceduri și acte normative.",Resurse utile,no,no
https://atelierdeconsultanta.ro/afir,https://atelierdeconsultanta.ro/surse-oficiale-fonduri-europene,Surse oficiale,Conținut principal,no,no
https://atelierdeconsultanta.ro/blog,https://atelierdeconsultanta.ro/surse-oficiale-fonduri-europene,"Surse oficialeAFIR, MIPE, ADR Nord-Est, PNRR și alte institutii verificate înainte de recomandari.",Vezi și,no,no
https://atelierdeconsultanta.ro/blog,https://atelierdeconsultanta.ro/surse-oficiale-fonduri-europene,Vezi surse oficiale,Conținut principal,no,no
https://atelierdeconsultanta.ro/consultanta-fonduri-europene,https://atelierdeconsultanta.ro/surse-oficiale-fonduri-europene,Surse oficiale,Conținut principal,no,no
https://atelierdeconsultanta.ro/consultanta-fonduri-europene,https://atelierdeconsultanta.ro/surse-oficiale-fonduri-europene,Surse oficiale fonduri europene,Conținut principal,no,no
https://atelierdeconsultanta.ro/consultanta-fonduri-europene-bucuresti,https://atelierdeconsultanta.ro/surse-oficiale-fonduri-europene,Surse oficiale,Conținut principal,no,no
https://atelierdeconsultanta.ro/contact,https://atelierdeconsultanta.ro/surse-oficiale-fonduri-europene,Surse oficiale,Conținut principal,no,no
https://atelierdeconsultanta.ro/contact,https://atelierdeconsultanta.ro/surse-oficiale-fonduri-europene,"Surse oficialeLinkuri oficiale pentru ghiduri, apeluri, proceduri și acte normative.",Vezi și,no,no
https://atelierdeconsultanta.ro/despre-faber,https://atelierdeconsultanta.ro/surse-oficiale-fonduri-europene,surse oficiale pentru fonduri europene,"E-E-A-T: experienta, metoda și limite",no,no
https://atelierdeconsultanta.ro/despre-faber,https://atelierdeconsultanta.ro/surse-oficiale-fonduri-europene,"Surse oficialeInstituții, ghiduri și pagini oficiale care trebuie consultate.",Resurse pentru verificare,no,no
https://atelierdeconsultanta.ro/fonduri-europene-bucuresti,https://atelierdeconsultanta.ro/surse-oficiale-fonduri-europene,Surse oficiale,Conținut principal,no,no
https://atelierdeconsultanta.ro/fonduri-europene-nord-est,https://atelierdeconsultanta.ro/surse-oficiale-fonduri-europene,Surse oficiale,Conținut principal,no,no
https://atelierdeconsultanta.ro/fonduri-europene-nord-est,https://atelierdeconsultanta.ro/surse-oficiale-fonduri-europene,Tabelul intern de surse oficiale,Raspuns scurt,no,no
https://atelierdeconsultanta.ro/fonduri-regionale,https://atelierdeconsultanta.ro/surse-oficiale-fonduri-europene,Surse oficiale fonduri europene,Conținut principal,no,no
https://atelierdeconsultanta.ro/ghiduri,https://atelierdeconsultanta.ro/surse-oficiale-fonduri-europene,Surse oficiale,Conținut principal,no,no
https://atelierdeconsultanta.ro/glosar-fonduri-europene,https://atelierdeconsultanta.ro/surse-oficiale-fonduri-europene,surse oficiale,Termeni explicati,no,no
https://atelierdeconsultanta.ro/glosar-fonduri-europene,https://atelierdeconsultanta.ro/surse-oficiale-fonduri-europene,Surse oficiale fonduri europene,Conținut principal,no,no
https://atelierdeconsultanta.ro/investitii-modernizarea-microintreprinderilor-apel-2,https://atelierdeconsultanta.ro/surse-oficiale-fonduri-europene,Surse oficiale,Conținut principal,no,no
https://atelierdeconsultanta.ro/metodologie-verificare-eligibilitate,https://atelierdeconsultanta.ro/surse-oficiale-fonduri-europene,Surse oficiale,Raspuns scurt,no,no
https://atelierdeconsultanta.ro/metodologie-verificare-eligibilitate,https://atelierdeconsultanta.ro/surse-oficiale-fonduri-europene,Surse oficiale fonduri europene,Conținut principal,no,no
https://atelierdeconsultanta.ro/pnrr,https://atelierdeconsultanta.ro/surse-oficiale-fonduri-europene,Surse oficiale,Conținut principal,no,no
https://atelierdeconsultanta.ro/pnrr-digitalizare-imm-cheltuieli-eligibile,https://atelierdeconsultanta.ro/surse-oficiale-fonduri-europene,sursele oficiale,Digitalizarea începe cu procesele firmei,no,no
https://atelierdeconsultanta.ro/por-adr-nord-est,https://atelierdeconsultanta.ro/surse-oficiale-fonduri-europene,Surse oficiale,Conținut principal,yes,no
https://atelierdeconsultanta.ro/programul-tranzitie-justa,https://atelierdeconsultanta.ro/surse-oficiale-fonduri-europene,Surse oficiale,Conținut principal,no,no
https://atelierdeconsultanta.ro/programul-tranzitie-justa-intrebari-documente,https://atelierdeconsultanta.ro/surse-oficiale-fonduri-europene,Surse oficiale,Conținut principal,no,no
https://atelierdeconsultanta.ro/resurse-utile,https://atelierdeconsultanta.ro/surse-oficiale-fonduri-europene,Surse oficiale explicate,Conținut principal,no,no
https://atelierdeconsultanta.ro/studii-de-caz-fonduri-europene,https://atelierdeconsultanta.ro/surse-oficiale-fonduri-europene,surse oficiale pentru fonduri europene,Modelul folosit pentru fiecare studiu de caz,no,no
https://atelierdeconsultanta.ro/studii-de-caz-fonduri-europene,https://atelierdeconsultanta.ro/surse-oficiale-fonduri-europene,"Surse oficialeUnde se confirma ghidurile, apelurile, procedurile și anexele.",Vezi și,no,no
https://atelierdeconsultanta.ro/studiu-fezabilitate-fonduri-europene,https://atelierdeconsultanta.ro/surse-oficiale-fonduri-europene,surse oficiale fonduri europene,Conținut principal,no,no
https://atelierdeconsultanta.ro/gdpr,https://atelierdeconsultanta.ro/termeni-si-conditii,Termeni și condiții,6. Contact și actualizări,no,no
https://atelierdeconsultanta.ro/,https://atelierdeconsultanta.ro/verificare-eligibilitate-fonduri-europene,Solicită verificare eligibilitate,Consultanță și proiectare pentru proiecte cu fonduri europene,no,no
https://atelierdeconsultanta.ro/acte-necesare-fonduri-europene-nerambursabile,https://atelierdeconsultanta.ro/verificare-eligibilitate-fonduri-europene,Verificare eligibilitate,Conținut principal,no,no
https://atelierdeconsultanta.ro/afir-autoconsum-agroalimentar,https://atelierdeconsultanta.ro/verificare-eligibilitate-fonduri-europene,Solicită verificarea eligibilității,CTA: verifică proiectul înainte de depunere,yes,no
https://atelierdeconsultanta.ro/apeluri-gal,https://atelierdeconsultanta.ro/verificare-eligibilitate-fonduri-europene,Verificare eligibilitate,Conținut principal,no,no
https://atelierdeconsultanta.ro/blog,https://atelierdeconsultanta.ro/verificare-eligibilitate-fonduri-europene,Trimite detaliile proiectului,Conținut principal,no,no
https://atelierdeconsultanta.ro/blog,https://atelierdeconsultanta.ro/verificare-eligibilitate-fonduri-europene,Verifică eligibilitatea proiectului,De la explicație la verificarea proiectului,no,no
https://atelierdeconsultanta.ro/cat-costa-consultanta-fonduri-europene,https://atelierdeconsultanta.ro/verificare-eligibilitate-fonduri-europene,Verificare eligibilitate,Conținut principal,no,no
https://atelierdeconsultanta.ro/cheltuieli-eligibile-pocidif-21,https://atelierdeconsultanta.ro/verificare-eligibilitate-fonduri-europene,Solicită analiza încadrării cheltuielilor,Verifică bugetul PoCIDIF 2.1,no,no
https://atelierdeconsultanta.ro/consultant-fonduri-europene-imm,https://atelierdeconsultanta.ro/verificare-eligibilitate-fonduri-europene,Verificare eligibilitate,Conținut principal,no,no
https://atelierdeconsultanta.ro/consultanta-afir,https://atelierdeconsultanta.ro/verificare-eligibilitate-fonduri-europene,Verificare eligibilitate,Conținut principal,no,no
https://atelierdeconsultanta.ro/consultanta-fonduri-europene,https://atelierdeconsultanta.ro/verificare-eligibilitate-fonduri-europene,Solicită evaluare pentru cost,Verificare,no,no
https://atelierdeconsultanta.ro/consultanta-fonduri-europene,https://atelierdeconsultanta.ro/verificare-eligibilitate-fonduri-europene,Verificare eligibilitate,Conținut principal,no,no
https://atelierdeconsultanta.ro/consultanta-fonduri-europene,https://atelierdeconsultanta.ro/verificare-eligibilitate-fonduri-europene,Verificare eligibilitate,Conținut principal,no,no
https://atelierdeconsultanta.ro/consultanta-fonduri-europene-bucuresti,https://atelierdeconsultanta.ro/verificare-eligibilitate-fonduri-europene,Verificare eligibilitate,Conținut principal,no,no
https://atelierdeconsultanta.ro/consultanta-pnrr-digitalizare,https://atelierdeconsultanta.ro/verificare-eligibilitate-fonduri-europene,Verificare eligibilitate,Conținut principal,no,no
https://atelierdeconsultanta.ro/consultanta-start-up-nation-2026,https://atelierdeconsultanta.ro/verificare-eligibilitate-fonduri-europene,Verificare eligibilitate,Conținut principal,no,no
https://atelierdeconsultanta.ro/contact,https://atelierdeconsultanta.ro/verificare-eligibilitate-fonduri-europene,Verificare eligibilitate,Conținut principal,no,no
https://atelierdeconsultanta.ro/cum-alegi-consultant-fonduri-europene,https://atelierdeconsultanta.ro/verificare-eligibilitate-fonduri-europene,Verificare eligibilitate,Conținut principal,no,no
https://atelierdeconsultanta.ro/despre-faber,https://atelierdeconsultanta.ro/verificare-eligibilitate-fonduri-europene,Verificare eligibilitate,"E-E-A-T: experienta, metoda și limite",no,no
https://atelierdeconsultanta.ro/documente-punctaj-pocidif-21,https://atelierdeconsultanta.ro/verificare-eligibilitate-fonduri-europene,Solicită o verificare PoCIDIF 2.1,Verifică dosarul și punctajul,no,no
https://atelierdeconsultanta.ro/dr-14-afir-conditii-eligibilitate-greseli-frecvente,https://atelierdeconsultanta.ro/verificare-eligibilitate-fonduri-europene,Verifică eligibilitatea,Ce urmărește DR 14,no,no
https://atelierdeconsultanta.ro/dr12-afir,https://atelierdeconsultanta.ro/verificare-eligibilitate-fonduri-europene,Solicită verificarea eligibilității DR12,CTA: verifică eligibilitatea DR12,yes,no
https://atelierdeconsultanta.ro/dr12-afir,https://atelierdeconsultanta.ro/verificare-eligibilitate-fonduri-europene,Verificare eligibilitate,Conținut principal,yes,no
https://atelierdeconsultanta.ro/dr14,https://atelierdeconsultanta.ro/verificare-eligibilitate-fonduri-europene,Solicită verificarea eligibilității DR14,CTA: verifică eligibilitatea DR14,yes,no
https://atelierdeconsultanta.ro/dr14,https://atelierdeconsultanta.ro/verificare-eligibilitate-fonduri-europene,Verificare eligibilitate,Conținut principal,yes,no
https://atelierdeconsultanta.ro/e-move,https://atelierdeconsultanta.ro/verificare-eligibilitate-fonduri-europene,Verificare eligibilitate,Conținut principal,no,no
https://atelierdeconsultanta.ro/eligibilitate-fonduri-europene,https://atelierdeconsultanta.ro/verificare-eligibilitate-fonduri-europene,Solicită verificare eligibilitate,Conținut principal,no,no
https://atelierdeconsultanta.ro/eligibilitate-fonduri-europene,https://atelierdeconsultanta.ro/verificare-eligibilitate-fonduri-europene,Verificare eligibilitate,Conținut principal,no,no
https://atelierdeconsultanta.ro/eligibilitate-pocidif-21,https://atelierdeconsultanta.ro/verificare-eligibilitate-fonduri-europene,Solicită verificarea documentată,Verifică eligibilitatea PoCIDIF 2.1,no,no
https://atelierdeconsultanta.ro/femeia-antreprenor-2026,https://atelierdeconsultanta.ro/verificare-eligibilitate-fonduri-europene,Verificare eligibilitate,Conținut principal,no,no
https://atelierdeconsultanta.ro/firma-consultanta-fonduri-europene,https://atelierdeconsultanta.ro/verificare-eligibilitate-fonduri-europene,Verificare eligibilitate,Conținut principal,no,no
https://atelierdeconsultanta.ro/fonduri-europene,https://atelierdeconsultanta.ro/verificare-eligibilitate-fonduri-europene,cere verificarea pe regiunea investiției,Programe regionale,no,no
https://atelierdeconsultanta.ro/fonduri-europene,https://atelierdeconsultanta.ro/verificare-eligibilitate-fonduri-europene,solicită verificarea documentelor,Fonduri pentru autorități publice,no,no
https://atelierdeconsultanta.ro/fonduri-europene,https://atelierdeconsultanta.ro/verificare-eligibilitate-fonduri-europene,solicită verificarea eligibilității,Fonduri pentru firme și IMM-uri,no,no
https://atelierdeconsultanta.ro/fonduri-europene,https://atelierdeconsultanta.ro/verificare-eligibilitate-fonduri-europene,solicită verificarea eligibilității,Fonduri pentru digitalizare,no,no
https://atelierdeconsultanta.ro/fonduri-europene,https://atelierdeconsultanta.ro/verificare-eligibilitate-fonduri-europene,solicită verificarea eligibilității,Consultanță și proiectare,no,no
https://atelierdeconsultanta.ro/fonduri-europene,https://atelierdeconsultanta.ro/verificare-eligibilitate-fonduri-europene,Verifică eligibilitatea fermei,Fonduri pentru ferme și activități agricole,no,no
https://atelierdeconsultanta.ro/fonduri-europene,https://atelierdeconsultanta.ro/verificare-eligibilitate-fonduri-europene,verifică programul și documentele,Fonduri pentru energie,no,no
https://atelierdeconsultanta.ro/fonduri-europene,https://atelierdeconsultanta.ro/verificare-eligibilitate-fonduri-europene,verifică situația concretă,Programul Tranziție Justă,no,no
https://atelierdeconsultanta.ro/fonduri-europene,https://atelierdeconsultanta.ro/verificare-eligibilitate-fonduri-europene,verifică solicitantul și ideea,Fonduri pentru start-up-uri,no,no
https://atelierdeconsultanta.ro/fonduri-europene,https://atelierdeconsultanta.ro/verificare-eligibilitate-fonduri-europene,verifică teritoriul și beneficiarul,Proiecte prin GAL,no,no
https://atelierdeconsultanta.ro/fonduri-europene-nord-est,https://atelierdeconsultanta.ro/verificare-eligibilitate-fonduri-europene,Verificare eligibilitate,Conținut principal,no,no
https://atelierdeconsultanta.ro/gal-afir,https://atelierdeconsultanta.ro/verificare-eligibilitate-fonduri-europene,Verificare eligibilitate,Conținut principal,no,no
https://atelierdeconsultanta.ro/gal-afir,https://atelierdeconsultanta.ro/verificare-eligibilitate-fonduri-europene,Verificare eligibilitate,Conținut principal,no,no
https://atelierdeconsultanta.ro/glosar-fonduri-europene,https://atelierdeconsultanta.ro/verificare-eligibilitate-fonduri-europene,verificare de eligibilitate,Termeni explicati,no,no
https://atelierdeconsultanta.ro/glosar-fonduri-europene,https://atelierdeconsultanta.ro/verificare-eligibilitate-fonduri-europene,Verificare eligibilitate,Conținut principal,no,no
https://atelierdeconsultanta.ro/greseli-fonduri-europene,https://atelierdeconsultanta.ro/verificare-eligibilitate-fonduri-europene,Verificare eligibilitate,Conținut principal,no,no
https://atelierdeconsultanta.ro/instrumente,https://atelierdeconsultanta.ro/verificare-eligibilitate-fonduri-europene,Verificare eligibilitate,Conținut principal,no,no
https://atelierdeconsultanta.ro/intrebari-frecvente,https://atelierdeconsultanta.ro/verificare-eligibilitate-fonduri-europene,Verificare eligibilitate,Conținut principal,no,no
https://atelierdeconsultanta.ro/intrebari/cum-se-calculeaza-cofinantarea-la-fonduri-europene,https://atelierdeconsultanta.ro/verificare-eligibilitate-fonduri-europene,Verificare eligibilitate,Conținut principal,no,no
https://atelierdeconsultanta.ro/investitii-modernizarea-microintreprinderilor-apel-2,https://atelierdeconsultanta.ro/verificare-eligibilitate-fonduri-europene,Verificare eligibilitate,Conținut principal,no,no
https://atelierdeconsultanta.ro/metodologie-verificare-eligibilitate,https://atelierdeconsultanta.ro/verificare-eligibilitate-fonduri-europene,Verificare eligibilitate,Raspuns scurt,no,no
https://atelierdeconsultanta.ro/metodologie-verificare-eligibilitate,https://atelierdeconsultanta.ro/verificare-eligibilitate-fonduri-europene,Verificare eligibilitate fonduri europene,Conținut principal,no,no
https://atelierdeconsultanta.ro/pocidif-21,https://atelierdeconsultanta.ro/verificare-eligibilitate-fonduri-europene,Solicită verificarea eligibilității PoCIDIF 2.1,CTA: verifică proiectul PoCIDIF 2.1,yes,no
https://atelierdeconsultanta.ro/pocidif-21,https://atelierdeconsultanta.ro/verificare-eligibilitate-fonduri-europene,Verificare eligibilitate,Conținut principal,yes,no
https://atelierdeconsultanta.ro/pro-infra,https://atelierdeconsultanta.ro/verificare-eligibilitate-fonduri-europene,Solicită verificarea eligibilității PRO INFRA,CTA: verifică investiția PRO INFRA,yes,no
https://atelierdeconsultanta.ro/pro-infra,https://atelierdeconsultanta.ro/verificare-eligibilitate-fonduri-europene,Verificare eligibilitate,Conținut principal,yes,no
https://atelierdeconsultanta.ro/programul-tranzitie-justa,https://atelierdeconsultanta.ro/verificare-eligibilitate-fonduri-europene,verificare eligibilitate,Regiune,no,no
https://atelierdeconsultanta.ro/programul-tranzitie-justa,https://atelierdeconsultanta.ro/verificare-eligibilitate-fonduri-europene,Verificare eligibilitate,Conținut principal,no,no
https://atelierdeconsultanta.ro/programul-tranzitie-justa-intrebari-documente,https://atelierdeconsultanta.ro/verificare-eligibilitate-fonduri-europene,Verificare eligibilitate,Conținut principal,no,no
https://atelierdeconsultanta.ro/start-up-nation-2026,https://atelierdeconsultanta.ro/verificare-eligibilitate-fonduri-europene,Verificare eligibilitate,Conținut principal,no,no
https://atelierdeconsultanta.ro/studii-de-caz-fonduri-europene,https://atelierdeconsultanta.ro/verificare-eligibilitate-fonduri-europene,Solicită verificare eligibilitate,Verifică proiectul tau înainte de dosar,no,no
https://atelierdeconsultanta.ro/studii-de-caz-fonduri-europene,https://atelierdeconsultanta.ro/verificare-eligibilitate-fonduri-europene,verificare de eligibilitate,Modelul folosit pentru fiecare studiu de caz,no,no
https://atelierdeconsultanta.ro/surse-oficiale-fonduri-europene,https://atelierdeconsultanta.ro/verificare-eligibilitate-fonduri-europene,Solicită verificare eligibilitate,Vrei să verificam un program concret?,no,no
https://atelierdeconsultanta.ro/surse-oficiale-fonduri-europene,https://atelierdeconsultanta.ro/verificare-eligibilitate-fonduri-europene,verificare eligibilitate,Tabel surse oficiale,no,no
